dataset,subject,pipeline,stressor,montage,dropout_fraction,region,session_train,session_test,roc_auc,balanced_accuracy,brier_score,ece,n_channels,n_dropped_channels
BNCI2014-001,1,riemann_lr,channel_dropout,all_channels,0.1,,,,0.9443358246984882,0.6535467980295567,0.2744736468385173,0.3059546155669528,22,2.0
BNCI2014-001,1,riemann_lr,channel_dropout,all_channels,0.2,,,,0.9215712587056225,0.5716871921182266,0.35917139417285676,0.3817881481431341,22,4.0
BNCI2014-001,1,riemann_lr,channel_dropout,all_channels,0.3,,,,0.8919067436724987,0.5723768472906404,0.3745215941322772,0.3847433389293371,22,7.0
BNCI2014-001,1,riemann_lr,channel_dropout,all_channels,0.5,,,,0.8261177170035672,0.5110591133004926,0.44759549864584164,0.45263168005945004,22,11.0
BNCI2014-001,1,riemann_lr,clean,all_channels,0.0,,,,0.96230677764566,0.8857142857142858,0.08775484976146783,0.12218514569620412,22,0.0
BNCI2014-001,1,riemann_lr,cross_session,all_channels,0.0,,0train,1test,0.9591049382716049,0.8958333333333334,0.08978457464101473,0.09310270988595384,22,0.0
BNCI2014-001,1,riemann_lr,reduced_montage,motor_core,0.0,,,,0.8591302870732122,0.7852216748768474,0.16588347156371733,0.1696066269054612,3,0.0
BNCI2014-001,1,riemann_lr,reduced_montage,motor_extended,0.0,,,,0.9487514863258026,0.8752463054187192,0.09720100351212321,0.11785910929459864,9,0.0
BNCI2014-001,1,riemann_lr,region_dropout,all_channels,0.13636363636363635,midline_motor_strip,,,0.9501443859351113,0.6406403940886699,0.2605837017872882,0.30476515868272325,22,3.0
BNCI2014-001,1,riemann_lr,region_dropout,all_channels,0.3181818181818182,left_motor_strip,,,0.8092831662986241,0.5,0.4999986851932179,0.4999991229726836,22,7.0
BNCI2014-001,1,riemann_lr,region_dropout,all_channels,0.3181818181818182,right_motor_strip,,,0.8289536266349584,0.5,0.4987673430592821,0.4991737893441265,22,7.0
BNCI2014-001,2,riemann_lr,channel_dropout,all_channels,0.1,,,,0.6316680822150501,0.5335467980295566,0.3636487858094183,0.3272320738388691,22,2.0
BNCI2014-001,2,riemann_lr,channel_dropout,all_channels,0.2,,,,0.6066825208085612,0.5179064039408867,0.4003981808469056,0.3805196742446049,22,4.0
BNCI2014-001,2,riemann_lr,channel_dropout,all_channels,0.3,,,,0.5373662306777646,0.5063177339901478,0.4375091048573479,0.42250797892700637,22,7.0
BNCI2014-001,2,riemann_lr,channel_dropout,all_channels,0.5,,,,0.5058476303720061,0.5024137931034482,0.4383772264167723,0.42368062980603716,22,11.0
BNCI2014-001,2,riemann_lr,clean,all_channels,0.0,,,,0.6840156276541532,0.6564039408866995,0.22713043491229912,0.1316123736187989,22,0.0
BNCI2014-001,2,riemann_lr,cross_session,all_channels,0.0,,0train,1test,0.6589506172839507,0.5625,0.24120464015098303,0.16036872932048718,22,0.0
BNCI2014-001,2,riemann_lr,reduced_montage,motor_core,0.0,,,,0.5500849329030066,0.5353448275862069,0.2499327550752442,0.05368164778300669,3,0.0
BNCI2014-001,2,riemann_lr,reduced_montage,motor_extended,0.0,,,,0.6052998131476134,0.5520935960591133,0.24394788113981214,0.12200506160383759,9,0.0
BNCI2014-001,2,riemann_lr,region_dropout,all_channels,0.13636363636363635,midline_motor_strip,,,0.5948615593680993,0.527832512315271,0.3438807656259788,0.2894194663213702,22,3.0
BNCI2014-001,2,riemann_lr,region_dropout,all_channels,0.3181818181818182,left_motor_strip,,,0.5495413623237643,0.5,0.47699456108357496,0.47778972623705745,22,7.0
BNCI2014-001,2,riemann_lr,region_dropout,all_channels,0.3181818181818182,right_motor_strip,,,0.6271105826397146,0.5302955665024631,0.372573905796523,0.33190328661452967,22,7.0
BNCI2014-001,3,riemann_lr,channel_dropout,all_channels,0.1,,,,0.9933854255138441,0.7577463054187191,0.16952053713088217,0.2450853746748125,22,2.0
BNCI2014-001,3,riemann_lr,channel_dropout,all_channels,0.2,,,,0.9871258705622559,0.6703571428571429,0.26456681292032563,0.33062151579489013,22,4.0
BNCI2014-001,3,riemann_lr,channel_dropout,all_channels,0.3,,,,0.9613580771190758,0.5700246305418719,0.3474098749993392,0.3876769656621179,22,7.0
BNCI2014-001,3,riemann_lr,channel_dropout,all_channels,0.5,,,,0.913653813487345,0.5416995073891626,0.3746114398965716,0.404292295906156,22,11.0
BNCI2014-001,3,riemann_lr,clean,all_channels,0.0,,,,0.9966196704603363,0.9757389162561576,0.02762215038083212,0.08266645658936791,22,0.0
BNCI2014-001,3,riemann_lr,cross_session,all_channels,0.0,,0train,1test,0.998263888888889,0.9652777777777778,0.048904811138849556,0.12485949862082137,22,0.0
BNCI2014-001,3,riemann_lr,reduced_montage,motor_core,0.0,,,,0.973883132325463,0.9064039408866995,0.07212515926932102,0.11883351144423757,3,0.0
BNCI2014-001,3,riemann_lr,reduced_montage,motor_extended,0.0,,,,0.9922880924069984,0.9651477832512315,0.03880254865566497,0.0979461164776086,9,0.0
BNCI2014-001,3,riemann_lr,region_dropout,all_channels,0.13636363636363635,midline_motor_strip,,,0.9946832002717854,0.808743842364532,0.11799481359067432,0.20512622728644686,22,3.0
BNCI2014-001,3,riemann_lr,region_dropout,all_channels,0.3181818181818182,left_motor_strip,,,0.8655087480890098,0.5,0.4998173250871994,0.4998960855995528,22,7.0
BNCI2014-001,3,riemann_lr,region_dropout,all_channels,0.3181818181818182,right_motor_strip,,,0.8988958722609139,0.5,0.49993475725773634,0.4999637841817971,22,7.0
BNCI2014-001,4,riemann_lr,channel_dropout,all_channels,0.1,,,,0.8521182266009852,0.5440886699507389,0.39037857204301757,0.4025509294293017,22,2.0
BNCI2014-001,4,riemann_lr,channel_dropout,all_channels,0.2,,,,0.8169712926787838,0.5266871921182266,0.4052715433571618,0.4083587919971491,22,4.0
BNCI2014-001,4,riemann_lr,channel_dropout,all_channels,0.3,,,,0.7390300662476643,0.5165886699507389,0.4391315962276074,0.4309489814161756,22,7.0
BNCI2014-001,4,riemann_lr,channel_dropout,all_channels,0.5,,,,0.6923399014778324,0.5104679802955665,0.43331061192150455,0.4186195742462403,22,11.0
BNCI2014-001,4,riemann_lr,clean,all_channels,0.0,,,,0.889001189060642,0.8056650246305418,0.1411565922833931,0.12072949899846894,22,0.0
BNCI2014-001,4,riemann_lr,cross_session,all_channels,0.0,,0train,1test,0.8840663580246914,0.7777777777777778,0.16200369322551544,0.12242371352386718,22,0.0
BNCI2014-001,4,riemann_lr,reduced_montage,motor_core,0.0,,,,0.7523016816714796,0.6871921182266011,0.2089945884347019,0.1351654970849409,3,0.0
BNCI2014-001,4,riemann_lr,reduced_montage,motor_extended,0.0,,,,0.8589434346865975,0.7464285714285714,0.1589512503793019,0.14947494581877468,9,0.0
BNCI2014-001,4,riemann_lr,region_dropout,all_channels,0.13636363636363635,midline_motor_strip,,,0.850883302191269,0.5,0.44706068257797477,0.4612671314539519,22,3.0
BNCI2014-001,4,riemann_lr,region_dropout,all_channels,0.3181818181818182,left_motor_strip,,,0.798615593680992,0.5,0.4999218981945267,0.4999430331515187,22,7.0
BNCI2014-001,4,riemann_lr,region_dropout,all_channels,0.3181818181818182,right_motor_strip,,,0.680524885340581,0.5374384236453202,0.3241333017692142,0.3019678175096375,22,7.0
BNCI2014-001,5,riemann_lr,channel_dropout,all_channels,0.1,,,,0.6313181586546628,0.5267241379310346,0.3704112919340706,0.3422625715256729,22,2.0
BNCI2014-001,5,riemann_lr,channel_dropout,all_channels,0.2,,,,0.6207779853915407,0.517807881773399,0.3743722063006587,0.3452301461201495,22,4.0
BNCI2014-001,5,riemann_lr,channel_dropout,all_channels,0.3,,,,0.5743043995243757,0.5049137931034483,0.4064546100816605,0.3811448673668232,22,7.0
BNCI2014-001,5,riemann_lr,channel_dropout,all_channels,0.5,,,,0.5330983523016817,0.5025615763546798,0.4118285179356684,0.38581645496702094,22,11.0
BNCI2014-001,5,riemann_lr,clean,all_channels,0.0,,,,0.6623152709359605,0.6114532019704433,0.2331211747806194,0.12845210520889283,22,0.0
BNCI2014-001,5,riemann_lr,cross_session,all_channels,0.0,,0train,1test,0.6809413580246914,0.611111111111111,0.23083073972322696,0.09342632264756663,22,0.0
BNCI2014-001,5,riemann_lr,reduced_montage,motor_core,0.0,,,,0.5410735518940037,0.5311576354679803,0.25360882245103983,0.07341183316049349,3,0.0
BNCI2014-001,5,riemann_lr,reduced_montage,motor_extended,0.0,,,,0.5696959402072362,0.5383004926108375,0.25072870890206767,0.128889061226676,9,0.0
BNCI2014-001,5,riemann_lr,region_dropout,all_channels,0.13636363636363635,midline_motor_strip,,,0.667717003567182,0.5,0.4779581817894754,0.4799602630580657,22,3.0
BNCI2014-001,5,riemann_lr,region_dropout,all_channels,0.3181818181818182,left_motor_strip,,,0.6145829794462375,0.506896551724138,0.40223502328384075,0.38257166499591505,22,7.0
BNCI2014-001,5,riemann_lr,region_dropout,all_channels,0.3181818181818182,right_motor_strip,,,0.5148887378970614,0.4764778325123153,0.3331403215543886,0.27554140990341713,22,7.0
BNCI2014-001,6,riemann_lr,channel_dropout,all_channels,0.1,,,,0.809921861729234,0.5995566502463054,0.32050991334996093,0.31476828737312273,22,2.0
BNCI2014-001,6,riemann_lr,channel_dropout,all_channels,0.2,,,,0.7391243417700016,0.5383990147783251,0.39586376297783377,0.38792689731460983,22,4.0
BNCI2014-001,6,riemann_lr,channel_dropout,all_channels,0.3,,,,0.683577373874639,0.5138054187192118,0.42927372479653864,0.42151633797413424,22,7.0
BNCI2014-001,6,riemann_lr,channel_dropout,all_channels,0.5,,,,0.6047851197553933,0.5033497536945812,0.43408800071569575,0.4193253498618867,22,11.0
BNCI2014-001,6,riemann_lr,clean,all_channels,0.0,,,,0.8465347375573297,0.7532019704433497,0.16139667776143166,0.11478723825261608,22,0.0
BNCI2014-001,6,riemann_lr,cross_session,all_channels,0.0,,0train,1test,0.8103780864197532,0.7222222222222222,0.18516388181408502,0.09032832860237959,22,0.0
BNCI2014-001,6,riemann_lr,reduced_montage,motor_core,0.0,,,,0.6936215389842025,0.6422413793103449,0.22702871459203733,0.12321325185574386,3,0.0
BNCI2014-001,6,riemann_lr,reduced_montage,motor_extended,0.0,,,,0.791268897570919,0.7008620689655173,0.1905405331089777,0.1453489507307534,9,0.0
BNCI2014-001,6,riemann_lr,region_dropout,all_channels,0.13636363636363635,midline_motor_strip,,,0.8107270256497368,0.506896551724138,0.4441767123469956,0.4543444557461841,22,3.0
BNCI2014-001,6,riemann_lr,region_dropout,all_channels,0.3181818181818182,left_motor_strip,,,0.7252335654832682,0.5098522167487685,0.4358027725750458,0.4333028545454349,22,7.0
BNCI2014-001,6,riemann_lr,region_dropout,all_channels,0.3181818181818182,right_motor_strip,,,0.6738746390351623,0.5,0.49359721271784424,0.49627430384731097,22,7.0
BNCI2014-001,7,riemann_lr,channel_dropout,all_channels,0.1,,,,0.8958501783590964,0.6197536945812808,0.2834098479899991,0.31234651486950404,22,2.0
BNCI2014-001,7,riemann_lr,channel_dropout,all_channels,0.2,,,,0.84589774078478,0.5361083743842364,0.40550096173355293,0.417531153215645,22,4.0
BNCI2014-001,7,riemann_lr,channel_dropout,all_channels,0.3,,,,0.7839646679123493,0.5123891625615764,0.43626477043360923,0.44067865245467636,22,7.0
BNCI2014-001,7,riemann_lr,channel_dropout,all_channels,0.5,,,,0.7342220146084593,0.5138793103448276,0.4393883958426336,0.43335703218716115,22,11.0
BNCI2014-001,7,riemann_lr,clean,all_channels,0.0,,,,0.9423560387294037,0.8780788177339902,0.1101013690384424,0.16714018179165963,22,0.0
BNCI2014-001,7,riemann_lr,cross_session,all_channels,0.0,,0train,1test,0.9126157407407408,0.5833333333333334,0.22254845367011467,0.26911450207050575,22,0.0
BNCI2014-001,7,riemann_lr,reduced_montage,motor_core,0.0,,,,0.7024290810259894,0.6215517241379309,0.21999722396328134,0.14546824743524234,3,0.0
BNCI2014-001,7,riemann_lr,reduced_montage,motor_extended,0.0,,,,0.7955240360115509,0.7363300492610837,0.1883139726541611,0.12363646119684564,9,0.0
BNCI2014-001,7,riemann_lr,region_dropout,all_channels,0.13636363636363635,midline_motor_strip,,,0.9273568880584339,0.5248768472906404,0.3698834782918715,0.4071819168463036,22,3.0
BNCI2014-001,7,riemann_lr,region_dropout,all_channels,0.3181818181818182,left_motor_strip,,,0.8494224562595549,0.5,0.48422926184166293,0.48934163223547333,22,7.0
BNCI2014-001,7,riemann_lr,region_dropout,all_channels,0.3181818181818182,right_motor_strip,,,0.7556735179208425,0.5,0.4999915343736846,0.49999416824879306,22,7.0
BNCI2014-001,8,riemann_lr,channel_dropout,all_channels,0.1,,,,0.9872795991166978,0.7461945812807882,0.20068963947297574,0.26423753712137055,22,2.0
BNCI2014-001,8,riemann_lr,channel_dropout,all_channels,0.2,,,,0.9728401562765415,0.6181403940886699,0.32211977050220647,0.3715796248634895,22,4.0
BNCI2014-001,8,riemann_lr,channel_dropout,all_channels,0.3,,,,0.9555826397146254,0.5908374384236453,0.33843394160948803,0.386301533026556,22,7.0
BNCI2014-001,8,riemann_lr,channel_dropout,all_channels,0.5,,,,0.926692712756922,0.5519704433497536,0.35998391334299834,0.39357390895469746,22,11.0
BNCI2014-001,8,riemann_lr,clean,all_channels,0.0,,,,0.9963733650416172,0.9721674876847292,0.030093247078708335,0.08322793557998555,22,0.0
BNCI2014-001,8,riemann_lr,cross_session,all_channels,0.0,,0train,1test,0.9971064814814815,0.9722222222222223,0.03851612541655292,0.11533900358063992,22,0.0
BNCI2014-001,8,riemann_lr,reduced_montage,motor_core,0.0,,,,0.9421097333106845,0.8719211822660098,0.11226355172828842,0.14661468878629158,3,0.0
BNCI2014-001,8,riemann_lr,reduced_montage,motor_extended,0.0,,,,0.9882198063529811,0.9408866995073891,0.04311975689490236,0.10068267694823736,9,0.0
BNCI2014-001,8,riemann_lr,region_dropout,all_channels,0.13636363636363635,midline_motor_strip,,,0.9927891965347376,0.8652709359605911,0.09714785850250154,0.18735012637030207,22,3.0
BNCI2014-001,8,riemann_lr,region_dropout,all_channels,0.3181818181818182,left_motor_strip,,,0.8882792593850859,0.5,0.4999816002158755,0.4999901200276636,22,7.0
BNCI2014-001,8,riemann_lr,region_dropout,all_channels,0.3181818181818182,right_motor_strip,,,0.8837268557839307,0.5,0.49975581813808245,0.49986842454717895,22,7.0
BNCI2014-001,9,riemann_lr,channel_dropout,all_channels,0.1,,,,0.9027535247154748,0.6305541871921182,0.2933151513699877,0.32039041280449987,22,2.0
BNCI2014-001,9,riemann_lr,channel_dropout,all_channels,0.2,,,,0.8724749447936131,0.5504679802955664,0.3803906675026256,0.39626701551670807,22,4.0
BNCI2014-001,9,riemann_lr,channel_dropout,all_channels,0.3,,,,0.8245048411754713,0.5355295566502464,0.38564105207223465,0.38711205273409355,22,7.0
BNCI2014-001,9,riemann_lr,channel_dropout,all_channels,0.5,,,,0.7804272125021234,0.5457758620689656,0.3661702396031699,0.3629932903827633,22,11.0
BNCI2014-001,9,riemann_lr,clean,all_channels,0.0,,,,0.918872091048072,0.8576354679802956,0.10716952183095818,0.09519616860710542,22,0.0
BNCI2014-001,9,riemann_lr,cross_session,all_channels,0.0,,0train,1test,0.9309413580246914,0.8541666666666667,0.11459849582319073,0.09166522061593706,22,0.0
BNCI2014-001,9,riemann_lr,reduced_montage,motor_core,0.0,,,,0.8876932223543401,0.7879310344827586,0.13880883557424267,0.12242584899562266,3,0.0
BNCI2014-001,9,riemann_lr,reduced_montage,motor_extended,0.0,,,,0.9037285544419909,0.8225369458128078,0.12620397816624224,0.10190699437027113,9,0.0
BNCI2014-001,9,riemann_lr,region_dropout,all_channels,0.13636363636363635,midline_motor_strip,,,0.9158994394428401,0.7334975369458128,0.1891654642124177,0.21610963143121253,22,3.0
BNCI2014-001,9,riemann_lr,region_dropout,all_channels,0.3181818181818182,left_motor_strip,,,0.9246984881943264,0.496551724137931,0.4605157030389847,0.47718831927054406,22,7.0
BNCI2014-001,9,riemann_lr,region_dropout,all_channels,0.3181818181818182,right_motor_strip,,,0.5428061831153389,0.5,0.46413603832165135,0.4596869121141302,22,7.0
