dataset,pipeline,subject,metric,n_conditions,slope_per_100pct_dropout,slope_per_10pct_dropout,intercept,r_value,p_value_subject_slope
PhysionetMotorImagery,csp_lda,1,roc_auc,5,-0.5118918918918918,-0.05118918918918918,0.7252162162162161,-0.8047452491252051,0.10048215452815434
PhysionetMotorImagery,csp_lda,1,balanced_accuracy,5,-0.45500000000000007,-0.04550000000000001,0.659,-0.7049427964236363,0.18364135972000534
PhysionetMotorImagery,csp_lda,1,brier_score,5,0.4304578057625378,0.04304578057625378,0.31598316726067793,0.7122068987580851,0.17711503405454704
PhysionetMotorImagery,csp_lda,1,ece,5,0.34583929319553,0.034583929319553,0.3546610753857611,0.7321771840127589,0.15952867310337457
PhysionetMotorImagery,csp_lda,2,roc_auc,5,-0.7041891891891892,-0.07041891891891892,0.8691216216216217,-0.8944829972105169,0.040487553703221824
PhysionetMotorImagery,csp_lda,2,balanced_accuracy,5,-0.6393243243243245,-0.06393243243243245,0.7703513513513514,-0.7504033353493227,0.14395405384750504
PhysionetMotorImagery,csp_lda,2,brier_score,5,0.5898575368757963,0.058985753687579634,0.22479434603331475,0.755126068251257,0.1399956654872852
PhysionetMotorImagery,csp_lda,2,ece,5,0.5233413117678398,0.05233413117678398,0.26354156081033453,0.761931173099066,0.13434957487336827
PhysionetMotorImagery,csp_lda,3,roc_auc,5,-0.07297297297297303,-0.007297297297297303,0.544554054054054,-0.478506084856459,0.414869246816946
PhysionetMotorImagery,csp_lda,3,balanced_accuracy,5,0.005743243243243106,0.0005743243243243105,0.5057364864864864,0.1768991592498699,0.7759452966506357
PhysionetMotorImagery,csp_lda,3,brier_score,5,0.1736418581680314,0.01736418581680314,0.44086911729395295,0.6374148940702709,0.24733718036082195
PhysionetMotorImagery,csp_lda,3,ece,5,0.10742619648847257,0.010742619648847257,0.47317982578634216,0.6152096354190767,0.2693765000182621
PhysionetMotorImagery,csp_lda,4,roc_auc,5,-0.4160135135135134,-0.041601351351351346,0.6342229729729729,-0.9645942208017907,0.007954723426005894
PhysionetMotorImagery,csp_lda,4,balanced_accuracy,5,-0.18939189189189193,-0.018939189189189194,0.5734662162162163,-0.7256253259619653,0.16523977502263373
PhysionetMotorImagery,csp_lda,4,brier_score,5,0.30185906755952846,0.030185906755952847,0.37198290902902054,0.7428534280280962,0.15034883536847932
PhysionetMotorImagery,csp_lda,4,ece,5,0.22944688918398173,0.022944688918398175,0.40313482175646903,0.725764269666436,0.1651180589284013
PhysionetMotorImagery,csp_lda,5,roc_auc,5,0.0637837837837836,0.00637837837837836,0.4540675675675676,0.46596204309128153,0.42894760474016236
PhysionetMotorImagery,csp_lda,5,balanced_accuracy,5,0.14385135135135138,0.01438513513513514,0.4474527027027027,0.7845053150484764,0.11612533293580711
PhysionetMotorImagery,csp_lda,5,brier_score,5,-0.059389378646802896,-0.00593893786468029,0.49992977820488604,-0.9337126939972946,0.02028212310044536
PhysionetMotorImagery,csp_lda,5,ece,5,-0.11336756135663081,-0.011336756135663081,0.5322644361021989,-0.8576164470858882,0.06309917522778927
PhysionetMotorImagery,csp_lda,6,roc_auc,5,-0.08540540540540525,-0.008540540540540527,0.4691891891891891,-0.4892901433609786,0.40285328525859926
PhysionetMotorImagery,csp_lda,6,balanced_accuracy,5,0.16371621621621626,0.01637162162162163,0.4441824324324324,0.623461540723643,0.2611275118645659
PhysionetMotorImagery,csp_lda,6,brier_score,5,0.02319377350092638,0.002319377350092638,0.45975705985401455,0.8521539999574228,0.06670748863171713
PhysionetMotorImagery,csp_lda,6,ece,5,-0.08474021120157935,-0.008474021120157936,0.5011543339625338,-0.5875305099692231,0.29753174159629303
PhysionetMotorImagery,csp_lda,7,roc_auc,5,-0.6262162162162164,-0.06262162162162165,0.9415675675675677,-0.9084271545709985,0.03280399795779456
PhysionetMotorImagery,csp_lda,7,balanced_accuracy,5,-0.6923648648648648,-0.06923648648648649,0.7810202702702702,-0.7227304311137405,0.16778161275968706
PhysionetMotorImagery,csp_lda,7,brier_score,5,0.6504511577138001,0.06504511577138002,0.20523380385729922,0.7243540005909034,0.1663546712865034
PhysionetMotorImagery,csp_lda,7,ece,5,0.664847092350985,0.06648470923509851,0.2150994622046058,0.7252558091366834,0.16556360161679462
PhysionetMotorImagery,csp_lda,8,roc_auc,5,-0.372837837837838,-0.0372837837837838,0.6108243243243243,-0.8859192356928995,0.04545458428355023
PhysionetMotorImagery,csp_lda,8,balanced_accuracy,5,-0.2772972972972974,-0.027729729729729743,0.5939054054054054,-0.6908449113912923,0.1964967557779274
PhysionetMotorImagery,csp_lda,8,brier_score,5,0.27456155773429397,0.0274561557734294,0.36855845485458844,0.6914885998858961,0.19590445667343587
PhysionetMotorImagery,csp_lda,8,ece,5,0.16519893153437043,0.016519893153437045,0.4161344323073297,0.6666184936114907,0.2191477557734231
PhysionetMotorImagery,csp_lda,9,roc_auc,5,0.3939189189189188,0.03939189189189188,0.31683783783783775,0.7890971326944193,0.11251686711246374
PhysionetMotorImagery,csp_lda,9,balanced_accuracy,5,0.26898648648648654,0.026898648648648656,0.395722972972973,0.6598026715367001,0.22564274630577658
PhysionetMotorImagery,csp_lda,9,brier_score,5,-0.09866406235236623,-0.009866406235236623,0.5327145884881994,-0.5345289267159374,0.35338053321456664
PhysionetMotorImagery,csp_lda,9,ece,5,-0.15705674440659012,-0.015705674440659012,0.5583141803778326,-0.5979949900415973,0.28680118234220164
PhysionetMotorImagery,csp_lda,10,roc_auc,5,-0.15797297297297294,-0.015797297297297296,0.6465540540540541,-0.536270354500265,0.351507842883762
PhysionetMotorImagery,csp_lda,10,balanced_accuracy,5,-0.2739189189189191,-0.027391891891891913,0.6056621621621623,-0.7076749174986725,0.18117881702214653
PhysionetMotorImagery,csp_lda,10,brier_score,5,0.3224944094123256,0.03224944094123256,0.34020663873909057,0.7331697729898456,0.15866855345033085
PhysionetMotorImagery,csp_lda,10,ece,5,0.30025926235073885,0.030025926235073885,0.3654228425128115,0.6918727034766724,0.1955512588189684
PhysionetMotorImagery,csp_lda,11,roc_auc,5,-0.0868243243243243,-0.00868243243243243,0.6231013513513514,-0.9255148767038006,0.02412823029400896
PhysionetMotorImagery,csp_lda,11,balanced_accuracy,5,-0.17905405405405406,-0.017905405405405406,0.5703918918918919,-0.5904538430822617,0.294523768235057
PhysionetMotorImagery,csp_lda,11,brier_score,5,0.2276481770480145,0.02276481770480145,0.39575390278620765,0.6272360871527104,0.25737725477772266
PhysionetMotorImagery,csp_lda,11,ece,5,0.19611255996388363,0.019611255996388365,0.41788231690768285,0.5861146743158241,0.29899141383930466
PhysionetMotorImagery,csp_lda,12,roc_auc,5,0.04121621621621625,0.0041216216216216255,0.4329324324324324,0.6297299492801474,0.2549074467204728
PhysionetMotorImagery,csp_lda,12,balanced_accuracy,5,0.10459459459459453,0.010459459459459454,0.4696891891891892,0.9388780012914218,0.017972474460339356
PhysionetMotorImagery,csp_lda,12,brier_score,5,0.09512280135160378,0.009512280135160379,0.38841502091923186,0.523776351381676,0.36499726778282154
PhysionetMotorImagery,csp_lda,12,ece,5,0.0653191423602084,0.006531914236020841,0.4063255759260803,0.4115935705732404,0.4911403122885274
PhysionetMotorImagery,csp_lda,13,roc_auc,5,-0.3083783783783784,-0.03083783783783784,0.5912432432432431,-0.8301835979107537,0.08183127738641818
PhysionetMotorImagery,csp_lda,13,balanced_accuracy,5,-0.15682432432432428,-0.01568243243243243,0.5581013513513514,-0.7462738574295908,0.14744163845935693
PhysionetMotorImagery,csp_lda,13,brier_score,5,0.24158454564513185,0.024158454564513186,0.39100453580750333,0.6865096915356526,0.20049895535062548
PhysionetMotorImagery,csp_lda,13,ece,5,0.130466857420785,0.013046685742078502,0.4394302695924768,0.7223658943541378,0.16810248409842568
PhysionetMotorImagery,csp_lda,14,roc_auc,5,0.04499999999999991,0.004499999999999991,0.5335,0.270772069305824,0.6595026791156133
PhysionetMotorImagery,csp_lda,14,balanced_accuracy,5,-0.03500000000000003,-0.003500000000000003,0.5145,-0.5013499038098911,0.3895144075762669
PhysionetMotorImagery,csp_lda,14,brier_score,5,0.16360580390143728,0.01636058039014373,0.4285820977181866,0.6579365167469,0.22743015524090662
PhysionetMotorImagery,csp_lda,14,ece,5,0.08046831187261906,0.008046831187261906,0.46482429981694595,0.6008882516917201,0.2838525911277677
PhysionetMotorImagery,csp_lda,15,roc_auc,5,-0.5302702702702702,-0.053027027027027024,0.7649594594594593,-0.8118256698738329,0.09517425544130907
PhysionetMotorImagery,csp_lda,15,balanced_accuracy,5,-0.3966891891891893,-0.03966891891891893,0.6513716216216217,-0.6933159552138777,0.19422574443043225
PhysionetMotorImagery,csp_lda,15,brier_score,5,0.5103605435125482,0.05103605435125483,0.32481975009541053,0.7275642144103565,0.16354363674212283
PhysionetMotorImagery,csp_lda,15,ece,5,0.4643925121726016,0.04643925121726016,0.34779195031706844,0.7247451783889601,0.16601139495563133
PhysionetMotorImagery,csp_lda,16,roc_auc,5,0.08918918918918885,0.008918918918918885,0.5523783783783783,0.550416792737611,0.3363869989358844
PhysionetMotorImagery,csp_lda,16,balanced_accuracy,5,-0.041689189189189055,-0.004168918918918906,0.5228716216216215,-0.6654891856582857,0.2202202752162168
PhysionetMotorImagery,csp_lda,16,brier_score,5,0.18388083032829428,0.01838808303282943,0.41991137853892624,0.647889678766337,0.23711913594074302
PhysionetMotorImagery,csp_lda,16,ece,5,0.09905114120867818,0.009905114120867819,0.45645071311257424,0.6944403081537756,0.19319488143163574
PhysionetMotorImagery,csp_lda,17,roc_auc,5,-0.04925675675675676,-0.004925675675675676,0.4722364864864865,-0.34702814434860485,0.567186128508989
PhysionetMotorImagery,csp_lda,17,balanced_accuracy,5,-0.09054054054054063,-0.009054054054054064,0.523418918918919,-0.48593355658724063,0.4065845150809601
PhysionetMotorImagery,csp_lda,17,brier_score,5,0.20995068491341884,0.020995068491341886,0.44187327300949225,0.6865687050833897,0.2004443227741715
PhysionetMotorImagery,csp_lda,17,ece,5,0.12834700526502096,0.012834700526502096,0.4812388554972267,0.6513169792334761,0.2338014795019802
PhysionetMotorImagery,csp_lda,18,roc_auc,5,-0.16797297297297287,-0.016797297297297287,0.6005540540540539,-0.8229940241037724,0.08698312366576427
PhysionetMotorImagery,csp_lda,18,balanced_accuracy,5,-0.09918918918918906,-0.009918918918918907,0.5326216216216215,-0.744175087459007,0.14922352094455088
PhysionetMotorImagery,csp_lda,18,brier_score,5,0.16669024961384463,0.016669024961384463,0.4350603509671145,0.752265621471689,0.14238929098580105
PhysionetMotorImagery,csp_lda,18,ece,5,0.12932798743948662,0.012932798743948662,0.454162469452253,0.8183691931210674,0.09034771074589508
PhysionetMotorImagery,csp_lda,19,roc_auc,5,-0.07364864864864883,-0.007364864864864883,0.47470270270270265,-0.5443661823814815,0.3428341732862029
PhysionetMotorImagery,csp_lda,19,balanced_accuracy,5,-0.002162162162162284,-0.0002162162162162284,0.5006756756756757,-0.0663215640127385,0.915618707570182
PhysionetMotorImagery,csp_lda,19,brier_score,5,0.16564875359048858,0.01656487535904886,0.4337271853815843,0.5888518541638877,0.2961711580432142
PhysionetMotorImagery,csp_lda,19,ece,5,0.08084695327019428,0.008084695327019428,0.47268614298282896,0.5137439467871221,0.37591763231798553
PhysionetMotorImagery,csp_lda,20,roc_auc,5,-0.35459459459459464,-0.03545945945945946,0.6268108108108108,-0.9432701921092371,0.016081268582740265
PhysionetMotorImagery,csp_lda,20,balanced_accuracy,5,-0.14189189189189186,-0.014189189189189187,0.5467162162162162,-0.7960624239080397,0.10710922626106205
PhysionetMotorImagery,csp_lda,20,brier_score,5,0.28606456329624796,0.0286064563296248,0.38642513306867393,0.7685941026786257,0.12888864703593345
PhysionetMotorImagery,csp_lda,20,ece,5,0.2512065923105677,0.02512065923105677,0.41538413554215126,0.7794217946929703,0.12015979413249513
PhysionetMotorImagery,csp_lda,21,roc_auc,5,-0.3425675675675676,-0.03425675675675676,0.6408648648648648,-0.7492270312227909,0.1449450139594091
PhysionetMotorImagery,csp_lda,21,balanced_accuracy,5,-0.29959459459459464,-0.029959459459459464,0.6068108108108108,-0.6474033375980044,0.23759095170858616
PhysionetMotorImagery,csp_lda,21,brier_score,5,0.384838765944511,0.0384838765944511,0.3949640551703539,0.6467715105575941,0.23820429016901296
PhysionetMotorImagery,csp_lda,21,ece,5,0.3511101440648587,0.03511101440648587,0.40808570958072793,0.6472855674356544,0.23770524295276269
PhysionetMotorImagery,csp_lda,22,roc_auc,5,-0.633108108108108,-0.0633108108108108,0.7277837837837838,-0.8704040819759348,0.0549026177399972
PhysionetMotorImagery,csp_lda,22,balanced_accuracy,5,-0.38418918918918915,-0.038418918918918916,0.6341216216216216,-0.6914672208698961,0.19592412077588808
PhysionetMotorImagery,csp_lda,22,brier_score,5,0.40579205472754026,0.04057920547275403,0.32457715474334636,0.7532406368472242,0.14157205540082599
PhysionetMotorImagery,csp_lda,22,ece,5,0.3445416581981585,0.034454165819815856,0.3583850539667743,0.7576542587837529,0.13789005906894244
PhysionetMotorImagery,csp_lda,23,roc_auc,5,-0.08439189189189208,-0.00843918918918921,0.5604662162162162,-0.5331866748544978,0.35482562632284426
PhysionetMotorImagery,csp_lda,23,balanced_accuracy,5,-0.13101351351351356,-0.013101351351351357,0.547222972972973,-0.6264030961547821,0.25820363422495757
PhysionetMotorImagery,csp_lda,23,brier_score,5,0.31992709201588526,0.031992709201588525,0.3513064671059955,0.7904094538622731,0.11149189696026093
PhysionetMotorImagery,csp_lda,23,ece,5,0.24586912830664587,0.024586912830664588,0.38936921199972485,0.7563015032496464,0.13901553265002475
PhysionetMotorImagery,csp_lda,24,roc_auc,5,-0.3442567567567569,-0.03442567567567569,0.6322364864864867,-0.8273188502692297,0.08387247958671334
PhysionetMotorImagery,csp_lda,24,balanced_accuracy,5,-0.1505405405405405,-0.01505405405405405,0.5569189189189189,-0.7193160747045717,0.17079389338710588
PhysionetMotorImagery,csp_lda,24,brier_score,5,0.23931694194434022,0.023931694194434024,0.38228085640453496,0.6879752389812804,0.19914344605175566
PhysionetMotorImagery,csp_lda,24,ece,5,0.1611218320794194,0.01611218320794194,0.4177960950652013,0.6546221677730131,0.23061418669355893
PhysionetMotorImagery,csp_lda,25,roc_auc,5,-0.2081756756756758,-0.020817567567567582,0.5803986486486488,-0.6168428879158073,0.2677384080078211
PhysionetMotorImagery,csp_lda,25,balanced_accuracy,5,-0.15243243243243232,-0.015243243243243233,0.5601351351351351,-0.5884618414354738,0.2965725845798447
PhysionetMotorImagery,csp_lda,25,brier_score,5,0.24001229104289545,0.024001229104289548,0.4068894091728383,0.6003797903751331,0.2843701974584165
PhysionetMotorImagery,csp_lda,25,ece,5,0.1878951894546839,0.01878951894546839,0.42988757639199027,0.580471421517937,0.30482766973613307
PhysionetMotorImagery,csp_lda,26,roc_auc,5,-0.5594594594594594,-0.055945945945945944,0.798581081081081,-0.899946413103886,0.03741581755471501
PhysionetMotorImagery,csp_lda,26,balanced_accuracy,5,-0.3287162162162163,-0.032871621621621626,0.6293175675675675,-0.7519305568110798,0.14267045379774332
PhysionetMotorImagery,csp_lda,26,brier_score,5,0.38976188033010306,0.03897618803301031,0.3075675831176908,0.7653119955668177,0.13157025901280603
PhysionetMotorImagery,csp_lda,26,ece,5,0.3071349611886338,0.030713496118863384,0.3457187402664215,0.771436011537593,0.12657999986639004
PhysionetMotorImagery,csp_lda,27,roc_auc,5,0.12027027027027024,0.012027027027027024,0.5180405405405405,0.6599077176791337,0.22554224834510286
PhysionetMotorImagery,csp_lda,27,balanced_accuracy,5,-0.04094594594594589,-0.004094594594594589,0.5151081081081081,-0.33994254168461635,0.5756588791565507
PhysionetMotorImagery,csp_lda,27,brier_score,5,0.21617543136232217,0.02161754313623222,0.3842630740781376,0.9338687916587697,0.020211006566044323
PhysionetMotorImagery,csp_lda,27,ece,5,0.08237651819033956,0.008237651819033956,0.44929887305829663,0.9584970398986996,0.010086260391405949
PhysionetMotorImagery,csp_lda,28,roc_auc,5,-0.0025675675675674962,-0.0002567567567567496,0.4403648648648648,-0.016285445744251146,0.9792656430647425
PhysionetMotorImagery,csp_lda,28,balanced_accuracy,5,0.018445945945945973,0.0018445945945945973,0.48714189189189183,0.4770249364808396,0.4165259479025175
PhysionetMotorImagery,csp_lda,28,brier_score,5,0.10287359647238005,0.010287359647238006,0.43116638409560015,0.7437002109738086,0.14962756535575064
PhysionetMotorImagery,csp_lda,28,ece,5,0.0022297594049578537,0.00022297594049578538,0.4778398776566915,0.05478788360466715,0.9302768147090618
PhysionetMotorImagery,csp_lda,29,roc_auc,5,-0.742972972972973,-0.07429729729729731,0.9370540540540541,-0.9214550001526867,0.02611125002787745
PhysionetMotorImagery,csp_lda,29,balanced_accuracy,5,-0.6762162162162164,-0.06762162162162165,0.7855675675675676,-0.7123045360513302,0.17702777439521492
PhysionetMotorImagery,csp_lda,29,brier_score,5,0.7007010683768959,0.07007010683768959,0.20083811706522478,0.7072222095144244,0.18158620029232828
PhysionetMotorImagery,csp_lda,29,ece,5,0.6981975259424342,0.06981975259424343,0.2137467031945605,0.7075547359444186,0.18128694063910458
PhysionetMotorImagery,csp_lda,30,roc_auc,5,0.03141891891891917,0.003141891891891917,0.4555878378378378,0.19160544238537738,0.7575414377281942
PhysionetMotorImagery,csp_lda,30,balanced_accuracy,5,0.18222972972972992,0.018222972972972994,0.4372094594594595,0.675015648840515,0.21121870522521335
PhysionetMotorImagery,csp_lda,30,brier_score,5,0.18236758617755536,0.018236758617755536,0.4045078396088677,0.6684371574672667,0.21742359977942177
PhysionetMotorImagery,csp_lda,30,ece,5,0.08840892868970518,0.008840892868970518,0.4476352572114118,0.6881634571492805,0.1989695475554323
PhysionetMotorImagery,csp_lda,31,roc_auc,5,-0.2928378378378377,-0.029283783783783768,0.6823243243243243,-0.7774957813514083,0.12169907596610621
PhysionetMotorImagery,csp_lda,31,balanced_accuracy,5,-0.2612837837837838,-0.02612837837837838,0.5961824324324324,-0.7037607427928002,0.18470971194848457
PhysionetMotorImagery,csp_lda,31,brier_score,5,0.3087823761683959,0.03087823761683959,0.3699953828509508,0.6902372353346083,0.1970563801111182
PhysionetMotorImagery,csp_lda,31,ece,5,0.27948429826509263,0.027948429826509264,0.38929774434917946,0.6990458182204256,0.18898858555838755
PhysionetMotorImagery,csp_lda,32,roc_auc,5,-0.5382432432432432,-0.053824324324324324,0.8760135135135136,-0.8843239981786762,0.04639978346032598
PhysionetMotorImagery,csp_lda,32,balanced_accuracy,5,-0.456891891891892,-0.045689189189189204,0.6922162162162162,-0.7721444207255707,0.12600645482710818
PhysionetMotorImagery,csp_lda,32,brier_score,5,0.5635752362047872,0.056357523620478724,0.2555581337617995,0.7989358703210253,0.1049019338600757
PhysionetMotorImagery,csp_lda,32,ece,5,0.4764637478596446,0.047646374785964465,0.2976408461996985,0.8006994739481578,0.10355409556366911
PhysionetMotorImagery,csp_lda,33,roc_auc,5,-0.134054054054054,-0.013405405405405399,0.5418918918918918,-0.8700803749891498,0.05510565595099853
PhysionetMotorImagery,csp_lda,33,balanced_accuracy,5,-0.10398648648648637,-0.010398648648648638,0.540277027027027,-0.5536072942598723,0.33299973212630685
PhysionetMotorImagery,csp_lda,33,brier_score,5,0.1553842386306779,0.015538423863067792,0.4013811851511058,0.6227367132871025,0.26184933502232566
PhysionetMotorImagery,csp_lda,33,ece,5,0.12561242374810686,0.012561242374810686,0.4268266359317834,0.5728718798388647,0.3127327171637491
PhysionetMotorImagery,csp_lda,34,roc_auc,5,-0.3605405405405405,-0.036054054054054055,0.9289189189189189,-0.89763093625322,0.03870822903566212
PhysionetMotorImagery,csp_lda,34,balanced_accuracy,5,-0.5560810810810812,-0.05560810810810812,0.7703378378378378,-0.7753710888544562,0.12340391578846643
PhysionetMotorImagery,csp_lda,34,brier_score,5,0.5748877073475255,0.05748877073475255,0.19039957213931327,0.7839035312433144,0.11660077121540015
PhysionetMotorImagery,csp_lda,34,ece,5,0.5329848399353447,0.05329848399353448,0.22336742474454957,0.7709990709664069,0.12693414378096318
PhysionetMotorImagery,csp_lda,35,roc_auc,5,-0.44256756756756754,-0.044256756756756756,0.7473648648648649,-0.7168345343195976,0.17299286006703626
PhysionetMotorImagery,csp_lda,35,balanced_accuracy,5,-0.4854054054054055,-0.04854054054054055,0.6786891891891893,-0.6591393367909401,0.2262776454229635
PhysionetMotorImagery,csp_lda,35,brier_score,5,0.4812927537613883,0.048129275376138834,0.30436337197261354,0.6757399798660184,0.21053857409519977
PhysionetMotorImagery,csp_lda,35,ece,5,0.4070801678539345,0.04070801678539346,0.33492651919791844,0.6763655852533195,0.20995163701511368
PhysionetMotorImagery,csp_lda,36,roc_auc,5,0.048378378378378356,0.004837837837837836,0.4742567567567567,0.4361173292072084,0.4628602957619313
PhysionetMotorImagery,csp_lda,36,balanced_accuracy,5,0.028513513513513514,0.0028513513513513515,0.488027027027027,0.6367216908089339,0.24801750554166696
PhysionetMotorImagery,csp_lda,36,brier_score,5,0.19254998302698967,0.01925499830269897,0.4673874313972319,0.7362090974186768,0.15604328010561488
PhysionetMotorImagery,csp_lda,36,ece,5,0.08121216126797699,0.0081212161267977,0.510500775893151,0.7271763385827524,0.16388254499473157
PhysionetMotorImagery,csp_lda,37,roc_auc,5,0.12229729729729712,0.012229729729729712,0.40109459459459457,0.5802736732881554,0.30503270775939423
PhysionetMotorImagery,csp_lda,37,balanced_accuracy,5,0.1389189189189189,0.01389189189189189,0.4393378378378378,0.6346024808059983,0.25010047480922254
PhysionetMotorImagery,csp_lda,37,brier_score,5,0.21833274333568103,0.021833274333568103,0.42740110816678306,0.6749481121789302,0.21128215185397184
PhysionetMotorImagery,csp_lda,37,ece,5,0.19881496177547497,0.0198814961775475,0.44232864344983475,0.6640833193616503,0.2215574684623545
PhysionetMotorImagery,csp_lda,38,roc_auc,5,0.012567567567567696,0.0012567567567567696,0.45263513513513504,0.2543947917421834,0.6796228987754503
PhysionetMotorImagery,csp_lda,38,balanced_accuracy,5,0.058445945945945946,0.005844594594594595,0.4761418918918919,0.5058150878066519,0.384602660395321
PhysionetMotorImagery,csp_lda,38,brier_score,5,0.05657884168284138,0.0056578841682841385,0.44794152202196036,0.9074966704537587,0.03330046133612818
PhysionetMotorImagery,csp_lda,38,ece,5,-0.03018406427934293,-0.0030184064279342934,0.4880036153461682,-0.5362574552078511,0.35152170547349126
PhysionetMotorImagery,csp_lda,39,roc_auc,5,-0.1922972972972975,-0.01922972972972975,0.6194054054054055,-0.9723716171362413,0.005489831382242313
PhysionetMotorImagery,csp_lda,39,balanced_accuracy,5,-0.19135135135135142,-0.019135135135135144,0.5697972972972973,-0.6354025019974808,0.24931358171030674
PhysionetMotorImagery,csp_lda,39,brier_score,5,0.2930583755625756,0.02930583755625756,0.385166432566775,0.7706113104168272,0.12724867336920181
PhysionetMotorImagery,csp_lda,39,ece,5,0.23371770167428538,0.02337177016742854,0.42207833131060424,0.8016376812261218,0.10283922324165089
PhysionetMotorImagery,csp_lda,40,roc_auc,5,-0.4662837837837837,-0.046628378378378375,0.8116824324324325,-0.8862908799021797,0.04523526713343035
PhysionetMotorImagery,csp_lda,40,balanced_accuracy,5,-0.515135135135135,-0.0515135135135135,0.7227297297297297,-0.8248535168477805,0.08564141660110296
PhysionetMotorImagery,csp_lda,40,brier_score,5,0.5752240255649892,0.057522402556498924,0.23387798088140407,0.865327947608397,0.05811343582203522
PhysionetMotorImagery,csp_lda,40,ece,5,0.5567770982231933,0.055677709822319336,0.24747231255521634,0.8433013845952009,0.07268600255576295
PhysionetMotorImagery,csp_lda,41,roc_auc,5,-0.11297297297297318,-0.011297297297297318,0.541554054054054,-0.4682690122288304,0.42635043439583675
PhysionetMotorImagery,csp_lda,41,balanced_accuracy,5,-0.047837837837837884,-0.0047837837837837885,0.5108243243243243,-0.9333386958232909,0.020452841890527255
PhysionetMotorImagery,csp_lda,41,brier_score,5,0.21582271833913189,0.02158227183391319,0.4197351402995738,0.835724238465804,0.07792774228064138
PhysionetMotorImagery,csp_lda,41,ece,5,0.14022003647472447,0.014022003647472449,0.45410943219502076,0.87743878243877,0.050549143231027896
PhysionetMotorImagery,csp_lda,42,roc_auc,5,-0.6620945945945947,-0.06620945945945948,0.9050608108108109,-0.9365728969150025,0.01899199395378242
PhysionetMotorImagery,csp_lda,42,balanced_accuracy,5,-0.743581081081081,-0.0743581081081081,0.7880878378378378,-0.7242686280189565,0.16642961682660265
PhysionetMotorImagery,csp_lda,42,brier_score,5,0.696716343273997,0.0696716343273997,0.2018121023032476,0.7265594456438423,0.16442197589735244
PhysionetMotorImagery,csp_lda,42,ece,5,0.6853576663695385,0.06853576663695386,0.2201046244849007,0.71596902845124,0.17376170951318934
PhysionetMotorImagery,csp_lda,43,roc_auc,5,-0.6513513513513511,-0.06513513513513512,0.9132972972972973,-0.9707003788610715,0.005993892010540732
PhysionetMotorImagery,csp_lda,43,balanced_accuracy,5,-0.45317567567567574,-0.04531756756756758,0.7033986486486487,-0.7925674672545302,0.10981256828000369
PhysionetMotorImagery,csp_lda,43,brier_score,5,0.5462574735326672,0.054625747353266724,0.24335229231996516,0.7989080151825769,0.10492326450271187
PhysionetMotorImagery,csp_lda,43,ece,5,0.48422726128170723,0.04842272612817072,0.2834112197081997,0.8073570178973776,0.09851403041902962
PhysionetMotorImagery,csp_lda,44,roc_auc,5,-0.09364864864864857,-0.009364864864864857,0.5702027027027027,-0.8599418155249514,0.061582251287056126
PhysionetMotorImagery,csp_lda,44,balanced_accuracy,5,-0.01094594594594609,-0.001094594594594609,0.5216081081081081,-0.431357850634014,0.4683205463605382
PhysionetMotorImagery,csp_lda,44,brier_score,5,0.1747015249922023,0.01747015249922023,0.393591880594764,0.743453987248446,0.14983718838547183
PhysionetMotorImagery,csp_lda,44,ece,5,0.08171815632104143,0.008171815632104144,0.444602766115146,0.894637394340076,0.040399690743318666
PhysionetMotorImagery,csp_lda,45,roc_auc,5,-0.22432432432432467,-0.022432432432432467,0.5488513513513513,-0.9147192641249454,0.02951041419043779
PhysionetMotorImagery,csp_lda,45,balanced_accuracy,5,-0.012094594594594643,-0.0012094594594594644,0.5045608108108108,-0.4325691008424769,0.46692963951552513
PhysionetMotorImagery,csp_lda,45,brier_score,5,0.17450587825742264,0.017450587825742266,0.38486292716975734,0.7353773063107074,0.15676048842404347
PhysionetMotorImagery,csp_lda,45,ece,5,0.06346417114608871,0.006346417114608871,0.4330531461271414,0.8659860509333382,0.05769394013307095
PhysionetMotorImagery,csp_lda,46,roc_auc,5,-0.3491216216216216,-0.03491216216216216,0.6400067567567567,-0.787442000022976,0.11381360058266286
PhysionetMotorImagery,csp_lda,46,balanced_accuracy,5,-0.13932432432432437,-0.013932432432432439,0.5563513513513513,-0.639409385811645,0.24538256793628682
PhysionetMotorImagery,csp_lda,46,brier_score,5,0.19584729135629,0.019584729135629003,0.3771207057538596,0.6247909755439428,0.2598049744410157
PhysionetMotorImagery,csp_lda,46,ece,5,0.10901728916463406,0.010901728916463406,0.41224352393752905,0.5815316255478533,0.3037289880405198
PhysionetMotorImagery,csp_lda,47,roc_auc,5,-0.06500000000000006,-0.006500000000000006,0.6735,-0.6507038442776764,0.23439405994732784
PhysionetMotorImagery,csp_lda,47,balanced_accuracy,5,-0.21283783783783788,-0.02128378378378379,0.5778243243243243,-0.6151116671306603,0.2694748429695055
PhysionetMotorImagery,csp_lda,47,brier_score,5,0.2906807997638574,0.029068079976385743,0.36109165797036735,0.6521198903408126,0.23302610627505793
PhysionetMotorImagery,csp_lda,47,ece,5,0.23694603201634032,0.023694603201634034,0.381516441522229,0.6480143439025536,0.23699823537090312
PhysionetMotorImagery,csp_lda,48,roc_auc,5,-0.3172972972972976,-0.03172972972972976,0.8049054054054053,-0.8735735680189589,0.0529271435287752
PhysionetMotorImagery,csp_lda,48,balanced_accuracy,5,-0.37905405405405423,-0.03790540540540543,0.670891891891892,-0.7451066559820717,0.1484318338600368
PhysionetMotorImagery,csp_lda,48,brier_score,5,0.39057463544793014,0.03905746354479302,0.29491672583646666,0.7316635348653587,0.15997430117745223
PhysionetMotorImagery,csp_lda,48,ece,5,0.35358093041059946,0.03535809304105995,0.31886102817935746,0.7215900897204337,0.1687859483855743
PhysionetMotorImagery,csp_lda,49,roc_auc,5,-0.8721621621621624,-0.08721621621621624,0.8011756756756757,-0.9164483073760614,0.028625140782735873
PhysionetMotorImagery,csp_lda,49,balanced_accuracy,5,-0.4510135135135135,-0.04510135135135135,0.6667229729729731,-0.724225686282533,0.166467317532243
PhysionetMotorImagery,csp_lda,49,brier_score,5,0.582578621436454,0.0582578621436454,0.28679497909553364,0.762700583570875,0.1337155444282819
PhysionetMotorImagery,csp_lda,49,ece,5,0.531116461829576,0.0531116461829576,0.31569011434676336,0.7320194252650061,0.15966550191848086
PhysionetMotorImagery,csp_lda,50,roc_auc,5,-0.07060810810810803,-0.007060810810810803,0.5350337837837839,-0.4513788315520636,0.4454469452296219
PhysionetMotorImagery,csp_lda,50,balanced_accuracy,5,0.021283783783783726,0.0021283783783783727,0.4813175675675676,0.17423323260203866,0.7792869363165555
PhysionetMotorImagery,csp_lda,50,brier_score,5,0.08081564302116537,0.008081564302116538,0.4499215964846444,0.8942046521601614,0.04064610523150353
PhysionetMotorImagery,csp_lda,50,ece,5,0.01063865388592058,0.001063865388592058,0.4814112066109495,0.16332190783331693,0.7929802917028784
PhysionetMotorImagery,csp_lda,51,roc_auc,5,-0.47067567567567564,-0.04706756756756757,0.7041486486486486,-0.9798275088469142,0.00342889875613912
PhysionetMotorImagery,csp_lda,51,balanced_accuracy,5,-0.34209459459459474,-0.034209459459459475,0.6455608108108107,-0.7846611828149778,0.11600228493280339
PhysionetMotorImagery,csp_lda,51,brier_score,5,0.3706836698446892,0.03706836698446892,0.2933959622723676,0.8771536735296981,0.05072337054440906
PhysionetMotorImagery,csp_lda,51,ece,5,0.30819125808382325,0.030819125808382326,0.34247175788014955,0.8868249782407516,0.044920671001409535
PhysionetMotorImagery,csp_lda,52,roc_auc,5,-0.41702702702702704,-0.04170270270270271,0.7249459459459459,-0.9184769507997838,0.02759759393214206
PhysionetMotorImagery,csp_lda,52,balanced_accuracy,5,-0.33236486486486505,-0.033236486486486506,0.6335202702702702,-0.730079176213131,0.1613511167408101
PhysionetMotorImagery,csp_lda,52,brier_score,5,0.41819010816114094,0.0418190108161141,0.3001703119981293,0.7489044471439233,0.14521711868536413
PhysionetMotorImagery,csp_lda,52,ece,5,0.3452366067228717,0.034523660672287175,0.34664757744573926,0.7634371876521768,0.13310938080205761
PhysionetMotorImagery,csp_lda,53,roc_auc,5,-0.5553378378378376,-0.05553378378378376,0.7585743243243244,-0.9204062700800564,0.026631644823003963
PhysionetMotorImagery,csp_lda,53,balanced_accuracy,5,-0.4184459459459459,-0.041844594594594595,0.6603581081081081,-0.7652092616557644,0.13165446080310686
PhysionetMotorImagery,csp_lda,53,brier_score,5,0.43304301450614074,0.04330430145061408,0.30532145896672847,0.753390333776356,0.1414467055024759
PhysionetMotorImagery,csp_lda,53,ece,5,0.39116207778181994,0.039116207778182,0.3244970941525754,0.7559311064960015,0.1393241677373901
PhysionetMotorImagery,csp_lda,54,roc_auc,5,-0.4876351351351352,-0.04876351351351352,0.7004797297297297,-0.7768720300983538,0.1221988353634686
PhysionetMotorImagery,csp_lda,54,balanced_accuracy,5,-0.360945945945946,-0.036094594594594596,0.6216081081081082,-0.6608812209152465,0.22461148240951437
PhysionetMotorImagery,csp_lda,54,brier_score,5,0.43833247062936753,0.04383324706293676,0.33388244174137294,0.6764147807292527,0.20990550167959945
PhysionetMotorImagery,csp_lda,54,ece,5,0.300021299126841,0.0300021299126841,0.39125434555735467,0.6652633800327008,0.22043489977752798
PhysionetMotorImagery,csp_lda,55,roc_auc,5,-0.5672297297297295,-0.056722972972972956,0.9232905405405405,-0.9482526283364574,0.014020588827382751
PhysionetMotorImagery,csp_lda,55,balanced_accuracy,5,-0.5608783783783783,-0.05608783783783783,0.7424932432432432,-0.7759594565002835,0.12293110468517164
PhysionetMotorImagery,csp_lda,55,brier_score,5,0.6056041688059305,0.06056041688059305,0.2166274930665157,0.7921515762239305,0.11013560971003815
PhysionetMotorImagery,csp_lda,55,ece,5,0.5858776455911396,0.058587764559113964,0.23863697907882703,0.7933272284223399,0.10922316669100435
PhysionetMotorImagery,csp_lda,56,roc_auc,5,-0.7791891891891893,-0.07791891891891894,0.8901216216216216,-0.8808235809873629,0.048495265371005
PhysionetMotorImagery,csp_lda,56,balanced_accuracy,5,-0.6883783783783786,-0.06883783783783785,0.7672432432432432,-0.685576253217405,0.20136365465859532
PhysionetMotorImagery,csp_lda,56,brier_score,5,0.7234050138040288,0.07234050138040288,0.22892686372874627,0.7031216250918311,0.18528808750002307
PhysionetMotorImagery,csp_lda,56,ece,5,0.7171557206848731,0.07171557206848732,0.2391764324809529,0.6964377843107817,0.1913673298050223
PhysionetMotorImagery,csp_lda,57,roc_auc,5,0.23763513513513507,0.02376351351351351,0.4230202702702703,0.8175452852260161,0.0909511967597529
PhysionetMotorImagery,csp_lda,57,balanced_accuracy,5,0.12540540540540557,0.012540540540540558,0.45531081081081076,0.6834968784741681,0.20329365479993408
PhysionetMotorImagery,csp_lda,57,brier_score,5,-0.008487687510028078,-0.0008487687510028079,0.49003342793156257,-0.20510788567601998,0.7406913352445972
PhysionetMotorImagery,csp_lda,57,ece,5,-0.02724883877916989,-0.002724883877916989,0.509666420797026,-0.40088761165050213,0.5035960020770508
PhysionetMotorImagery,csp_lda,58,roc_auc,5,-0.0031756756756755296,-0.000317567567567553,0.4943986486486485,-0.0531026327437879,0.9324194180863715
PhysionetMotorImagery,csp_lda,58,balanced_accuracy,5,-0.008986486486486502,-0.0008986486486486502,0.5017770270270271,-0.335315902877775,0.5812037786362422
PhysionetMotorImagery,csp_lda,58,brier_score,5,0.17345375208685335,0.017345375208685336,0.4541358416726426,0.7032902149167688,0.1851354705843788
PhysionetMotorImagery,csp_lda,58,ece,5,0.08704949155453671,0.008704949155453673,0.4883880925377967,0.706525563908316,0.18221360815602808
PhysionetMotorImagery,csp_lda,59,roc_auc,5,0.059391891891891875,0.005939189189189188,0.46803378378378374,0.4213041515705763,0.4798996280948201
PhysionetMotorImagery,csp_lda,59,balanced_accuracy,5,0.1426351351351351,0.01426351351351351,0.44552027027027025,0.6235267297776895,0.2610626191364728
PhysionetMotorImagery,csp_lda,59,brier_score,5,0.11873258649400092,0.011873258649400094,0.44339527435573717,0.6618922572005834,0.22364595600848713
PhysionetMotorImagery,csp_lda,59,ece,5,0.02660205629421645,0.002660205629421645,0.4884632789499275,0.5772922566153047,0.3081283203901092
PhysionetMotorImagery,csp_lda,60,roc_auc,5,-0.3427027027027027,-0.03427027027027027,0.9000945945945946,-0.9923811192498205,0.0007973953037070618
PhysionetMotorImagery,csp_lda,60,balanced_accuracy,5,-0.5131756756756758,-0.051317567567567585,0.7488986486486489,-0.8256603510293332,0.08506124526142946
PhysionetMotorImagery,csp_lda,60,brier_score,5,0.5067540857348407,0.05067540857348407,0.22626167459948932,0.8390578011023662,0.07560773395442319
PhysionetMotorImagery,csp_lda,60,ece,5,0.4918653433604816,0.049186534336048165,0.2520040576913735,0.8324014609379389,0.08026167400327382
PhysionetMotorImagery,csp_lda,61,roc_auc,5,-0.25459459459459455,-0.025459459459459457,0.5948108108108108,-0.8161247928994767,0.09199454101296564
PhysionetMotorImagery,csp_lda,61,balanced_accuracy,5,-0.1639864864864865,-0.01639864864864865,0.5502770270270271,-0.6569303034041619,0.22839551831007482
PhysionetMotorImagery,csp_lda,61,brier_score,5,0.273754672968225,0.027375467296822498,0.40594828455543264,0.6264617461904798,0.25814542644983757
PhysionetMotorImagery,csp_lda,61,ece,5,0.25032056180645845,0.025032056180645846,0.42462043611603895,0.6271648667240789,0.25744788212699093
PhysionetMotorImagery,csp_lda,62,roc_auc,5,-0.49385135135135133,-0.049385135135135136,0.8545472972972973,-0.9730949424825401,0.005276236340882831
PhysionetMotorImagery,csp_lda,62,balanced_accuracy,5,-0.4873648648648649,-0.04873648648648649,0.7060202702702703,-0.7447250087530884,0.14875602505287666
PhysionetMotorImagery,csp_lda,62,brier_score,5,0.4666378206871702,0.04666378206871702,0.2630357519280322,0.749313934950399,0.14487173492481384
PhysionetMotorImagery,csp_lda,62,ece,5,0.4409981650347446,0.044099816503474464,0.27946309596490465,0.7379589894277904,0.15453757477236266
PhysionetMotorImagery,csp_lda,63,roc_auc,5,-0.2432432432432431,-0.024324324324324312,0.6100135135135135,-0.7817697408744101,0.11829125252999144
PhysionetMotorImagery,csp_lda,63,balanced_accuracy,5,-0.11040540540540532,-0.011040540540540532,0.5401891891891891,-0.642202329201565,0.2426525527232782
PhysionetMotorImagery,csp_lda,63,brier_score,5,0.1871123036326696,0.01871123036326696,0.4228512876063743,0.6305459980391918,0.25410066091497624
PhysionetMotorImagery,csp_lda,63,ece,5,0.1329836425846021,0.013298364258460212,0.44467432981755456,0.638678356729457,0.24609849246918641
PhysionetMotorImagery,csp_lda,64,roc_auc,5,-0.004932432432432398,-0.0004932432432432398,0.516885135135135,-0.02836804795539036,0.9638855246018576
PhysionetMotorImagery,csp_lda,64,balanced_accuracy,5,-0.07182432432432437,-0.007182432432432437,0.5231013513513514,-0.8335719296889664,0.07943710905620541
PhysionetMotorImagery,csp_lda,64,brier_score,5,0.14231054867596096,0.014231054867596097,0.43904968086563906,0.6798999999818631,0.2066443005429927
PhysionetMotorImagery,csp_lda,64,ece,5,0.09401339515842884,0.009401339515842884,0.46572306334582814,0.6977070963249511,0.19020855783175075
PhysionetMotorImagery,csp_lda,65,roc_auc,5,-0.13979729729729723,-0.013979729729729724,0.5926554054054054,-0.76590577340624,0.13108390568455636
PhysionetMotorImagery,csp_lda,65,balanced_accuracy,5,-0.1514864864864865,-0.01514864864864865,0.5590270270270271,-0.7291134405488999,0.16219202185648465
PhysionetMotorImagery,csp_lda,65,brier_score,5,0.14537789168318102,0.014537789168318103,0.4411804958369886,0.6811831523196215,0.20544722919040054
PhysionetMotorImagery,csp_lda,65,ece,5,0.06244033748587877,0.006244033748587878,0.4810477191909372,0.6917734586265757,0.19564250099313787
PhysionetMotorImagery,csp_lda,66,roc_auc,5,-0.11635135135135138,-0.011635135135135139,0.5277972972972973,-0.8099280561874274,0.09658820578724485
PhysionetMotorImagery,csp_lda,66,balanced_accuracy,5,0.04459459459459471,0.004459459459459471,0.4871891891891892,0.318686661970203,0.601212487221464
PhysionetMotorImagery,csp_lda,66,brier_score,5,0.16592589083916257,0.016592589083916257,0.41671311316950926,0.7705440123522256,0.12730328536326696
PhysionetMotorImagery,csp_lda,66,ece,5,0.040609661344291295,0.004060966134429129,0.4716746599234449,0.7001630679004963,0.18797214741967
PhysionetMotorImagery,csp_lda,67,roc_auc,5,0.056351351351351345,0.005635135135135135,0.5232027027027026,0.5280918531679036,0.3603239208535653
PhysionetMotorImagery,csp_lda,67,balanced_accuracy,5,-0.07675675675675658,-0.0076756756756756585,0.5354864864864864,-0.6192712138691933,0.2653078108570949
PhysionetMotorImagery,csp_lda,67,brier_score,5,0.28987791460059553,0.028987791460059555,0.35362521921195356,0.8562022606516282,0.06402732325791011
PhysionetMotorImagery,csp_lda,67,ece,5,0.3245116472313602,0.03245116472313602,0.3520553422308774,0.8584078997884095,0.06258158656453289
PhysionetMotorImagery,csp_lda,68,roc_auc,5,-0.12371621621621615,-0.012371621621621615,0.5813175675675676,-0.6172946531179129,0.26728577364359585
PhysionetMotorImagery,csp_lda,68,balanced_accuracy,5,-0.1287162162162161,-0.01287162162162161,0.5508175675675675,-0.7584586807604357,0.13722207301136913
PhysionetMotorImagery,csp_lda,68,brier_score,5,0.17052296022351712,0.017052296022351712,0.4069038118206761,0.7395196359249571,0.15319830299711712
PhysionetMotorImagery,csp_lda,68,ece,5,0.06853192426905541,0.0068531924269055414,0.4524601282785386,0.718990368544676,0.17108204967348106
PhysionetMotorImagery,csp_lda,69,roc_auc,5,-0.2933108108108107,-0.029331081081081067,0.6341283783783783,-0.7584415341721611,0.13723630141864052
PhysionetMotorImagery,csp_lda,69,balanced_accuracy,5,-0.2513513513513514,-0.025135135135135142,0.5952972972972973,-0.7385955273295828,0.15399091815943286
PhysionetMotorImagery,csp_lda,69,brier_score,5,0.3950851475313619,0.039508514753136194,0.38246957840881524,0.7798822204400352,0.11979268787393653
PhysionetMotorImagery,csp_lda,69,ece,5,0.3270576977896384,0.03270576977896384,0.4103184581407065,0.7783831961135738,0.12098912095032545
PhysionetMotorImagery,csp_lda,70,roc_auc,5,-0.6159459459459461,-0.06159459459459461,0.8351081081081082,-0.8628901926923384,0.05967560972606538
PhysionetMotorImagery,csp_lda,70,balanced_accuracy,5,-0.5235135135135135,-0.052351351351351355,0.692472972972973,-0.7346254106041705,0.15740962997463223
PhysionetMotorImagery,csp_lda,70,brier_score,5,0.5243187057698141,0.05243187057698141,0.27374985793595735,0.7329720746542464,0.15883975955181429
PhysionetMotorImagery,csp_lda,70,ece,5,0.49741462925505225,0.04974146292550523,0.29667555979869087,0.7214199804489234,0.16893591718804638
PhysionetMotorImagery,csp_lda,71,roc_auc,5,-0.32486486486486466,-0.032486486486486464,0.7092702702702702,-0.9162650020260723,0.028718582132263765
PhysionetMotorImagery,csp_lda,71,balanced_accuracy,5,-0.30074324324324336,-0.030074324324324338,0.6177635135135136,-0.7020826475004707,0.18622941713744584
PhysionetMotorImagery,csp_lda,71,brier_score,5,0.38704632891659474,0.03870463289165948,0.32845358243300826,0.7274138978101531,0.16367495245257724
PhysionetMotorImagery,csp_lda,71,ece,5,0.34359691779095153,0.034359691779095154,0.3576837501461538,0.731913392294596,0.1597574865749119
PhysionetMotorImagery,csp_lda,72,roc_auc,5,-0.21351351351351353,-0.021351351351351355,0.9539729729729728,-0.987994120621364,0.001576308295166693
PhysionetMotorImagery,csp_lda,72,balanced_accuracy,5,-0.5658108108108106,-0.056581081081081064,0.8053783783783784,-0.8965797546563674,0.039299558437706376
PhysionetMotorImagery,csp_lda,72,brier_score,5,0.6052498850593064,0.060524988505930646,0.16103518534263667,0.9183438716286189,0.027664629968276778
PhysionetMotorImagery,csp_lda,72,ece,5,0.539751629259908,0.053975162925990805,0.21581714697698615,0.9023142864817051,0.036108734549616085
PhysionetMotorImagery,csp_lda,73,roc_auc,5,-0.2178378378378379,-0.02178378378378379,0.4993243243243243,-0.6101132388465077,0.27450498511668303
PhysionetMotorImagery,csp_lda,73,balanced_accuracy,5,0.02635135135135127,0.0026351351351351273,0.4897027027027027,0.7344906291834986,0.1575260745782037
PhysionetMotorImagery,csp_lda,73,brier_score,5,0.19190829339879698,0.0191908293398797,0.44622263863090933,0.7051944515093536,0.18341413935899056
PhysionetMotorImagery,csp_lda,73,ece,5,0.10038493624905892,0.010038493624905893,0.48454323428623314,0.7554995418153694,0.13968402573329214
PhysionetMotorImagery,csp_lda,74,roc_auc,5,-0.21162162162162176,-0.021162162162162178,0.6187567567567568,-0.8678942945653374,0.056482975245688086
PhysionetMotorImagery,csp_lda,74,balanced_accuracy,5,-0.08229729729729737,-0.008229729729729738,0.5284054054054054,-0.781845587643806,0.11823103854607256
PhysionetMotorImagery,csp_lda,74,brier_score,5,0.36278297048091634,0.036278297048091636,0.3646256332108868,0.7063527834248378,0.18236931197272094
PhysionetMotorImagery,csp_lda,74,ece,5,0.2222535147113817,0.02222535147113817,0.42490801372147485,0.7477049870078828,0.14623019440292126
PhysionetMotorImagery,csp_lda,75,roc_auc,5,-0.4852702702702703,-0.048527027027027034,0.7899594594594594,-0.943577342356109,0.0159515919831367
PhysionetMotorImagery,csp_lda,75,balanced_accuracy,5,-0.40594594594594596,-0.0405945945945946,0.6631081081081082,-0.8637134576719361,0.05914658918684031
PhysionetMotorImagery,csp_lda,75,brier_score,5,0.44217336249869893,0.0442173362498699,0.277177459212056,0.8670459680167515,0.057020324537245835
PhysionetMotorImagery,csp_lda,75,ece,5,0.35818650956292747,0.03581865095629275,0.3289851461391575,0.8823173960741184,0.047597430721196675
PhysionetMotorImagery,csp_lda,76,roc_auc,5,-0.06256756756756776,-0.006256756756756777,0.5573648648648648,-0.3792726896182607,0.5289361026770716
PhysionetMotorImagery,csp_lda,76,balanced_accuracy,5,-0.11101351351351338,-0.01110135135135134,0.5427229729729729,-0.6603879114099056,0.2250830027453318
PhysionetMotorImagery,csp_lda,76,brier_score,5,0.23027643162973227,0.02302764316297323,0.397060853824434,0.6360606093732569,0.24866677629662698
PhysionetMotorImagery,csp_lda,76,ece,5,0.1468320833959057,0.01468320833959057,0.43403780990991864,0.6054822331858938,0.2791872417009525
PhysionetMotorImagery,csp_lda,77,roc_auc,5,-0.04310810810810809,-0.004310810810810809,0.5342837837837838,-0.24910087156411914,0.6861462287173238
PhysionetMotorImagery,csp_lda,77,balanced_accuracy,5,0.07648648648648652,0.007648648648648653,0.482972972972973,0.6836910674372434,0.20311319697691216
PhysionetMotorImagery,csp_lda,77,brier_score,5,0.06921747173763658,0.006921747173763659,0.4536622106905936,0.5067863421592455,0.383536235791944
PhysionetMotorImagery,csp_lda,77,ece,5,0.018463237472265692,0.0018463237472265692,0.4802752725439869,0.19581749056301823,0.7522800776313083
PhysionetMotorImagery,csp_lda,78,roc_auc,5,-0.07608108108108114,-0.007608108108108114,0.5233378378378378,-0.7181192548947044,0.1718534209926709
PhysionetMotorImagery,csp_lda,78,balanced_accuracy,5,-0.1649324324324324,-0.016493243243243243,0.5493851351351351,-0.6777675655250899,0.2086379752776764
PhysionetMotorImagery,csp_lda,78,brier_score,5,0.16347329556858337,0.016347329556858338,0.3527634082849555,0.7836909182623267,0.11676888497629914
PhysionetMotorImagery,csp_lda,78,ece,5,0.053809867223038016,0.005380986722303802,0.41680023618530954,0.8582140817977678,0.06270821506823711
PhysionetMotorImagery,csp_lda,79,roc_auc,5,0.059054054054054096,0.00590540540540541,0.5301081081081082,0.41777286280546055,0.48398097316532795
PhysionetMotorImagery,csp_lda,79,balanced_accuracy,5,-0.1356756756756756,-0.01356756756756756,0.5566486486486487,-0.8718277224915885,0.054012474619153455
PhysionetMotorImagery,csp_lda,79,brier_score,5,0.22138870168845026,0.022138870168845026,0.3964340917070116,0.8387754440079717,0.07580339987432957
PhysionetMotorImagery,csp_lda,79,ece,5,0.10047951206647654,0.010047951206647655,0.443287354488002,0.8953191698457338,0.04001243935988226
PhysionetMotorImagery,csp_lda,80,roc_auc,5,0.03121621621621611,0.003121621621621611,0.5419324324324324,0.19728743645443977,0.7504449931633614
PhysionetMotorImagery,csp_lda,80,balanced_accuracy,5,-0.025608108108108086,-0.002560810810810809,0.5095337837837838,-0.36222676972040785,0.54909256375631
PhysionetMotorImagery,csp_lda,80,brier_score,5,0.10420617867641857,0.010420617867641858,0.43678475057290367,0.6824751675529611,0.20424386031716574
PhysionetMotorImagery,csp_lda,80,ece,5,0.07461353274445254,0.007461353274445254,0.46497148843283986,0.5788088053613226,0.3065526801116614
PhysionetMotorImagery,csp_lda,81,roc_auc,5,-0.4039189189189188,-0.04039189189189188,0.6331621621621621,-0.5984547564846181,0.2863320905375086
PhysionetMotorImagery,csp_lda,81,balanced_accuracy,5,-0.3118918918918919,-0.031189189189189195,0.6082162162162162,-0.6467612922022982,0.23821421305769871
PhysionetMotorImagery,csp_lda,81,brier_score,5,0.4052890660657325,0.04052890660657325,0.3233925483056459,0.6463007703661124,0.2386615357615402
PhysionetMotorImagery,csp_lda,81,ece,5,0.3584252945276379,0.03584252945276379,0.3453299588693312,0.6572861190384597,0.22805401956226845
PhysionetMotorImagery,csp_lda,82,roc_auc,5,-0.25810810810810836,-0.02581081081081084,0.5437837837837838,-0.8087707805401868,0.09745362596957605
PhysionetMotorImagery,csp_lda,82,balanced_accuracy,5,-0.12506756756756782,-0.012506756756756783,0.546614864864865,-0.6511055572331518,0.2340057674934131
PhysionetMotorImagery,csp_lda,82,brier_score,5,0.19466069170731987,0.019466069170731987,0.4157327090811509,0.6929165688250666,0.19459229482901944
PhysionetMotorImagery,csp_lda,82,ece,5,0.13083353942013326,0.013083353942013327,0.44835322616180473,0.641148318006404,0.24368184159668166
PhysionetMotorImagery,csp_lda,83,roc_auc,5,-0.3595270270270271,-0.03595270270270271,0.5811959459459459,-0.9523042543721423,0.012414281840670708
PhysionetMotorImagery,csp_lda,83,balanced_accuracy,5,-0.09351351351351338,-0.009351351351351338,0.5289729729729729,-0.8302179697591989,0.08180688073529889
PhysionetMotorImagery,csp_lda,83,brier_score,5,0.18531738315882706,0.018531738315882708,0.42138548815103405,0.6937163586131266,0.1938584567781315
PhysionetMotorImagery,csp_lda,83,ece,5,0.11634152699677999,0.011634152699678,0.45680297105817486,0.6790902181503137,0.2074007585229478
PhysionetMotorImagery,csp_lda,84,roc_auc,5,-0.22729729729729733,-0.022729729729729736,0.5974054054054054,-0.8130383048210312,0.09427403221014352
PhysionetMotorImagery,csp_lda,84,balanced_accuracy,5,-0.03695945945945941,-0.003695945945945941,0.5283310810810811,-0.687442025679626,0.19963632446847362
PhysionetMotorImagery,csp_lda,84,brier_score,5,0.17485146467300952,0.01748514646730095,0.3945911167360654,0.8934185579908063,0.041094945002476686
PhysionetMotorImagery,csp_lda,84,ece,5,0.0756505911234179,0.007565059112341791,0.44856676744554497,0.9079223431609804,0.03307304564652183
PhysionetMotorImagery,csp_lda,85,roc_auc,5,-0.44202702702702695,-0.0442027027027027,0.910945945945946,-0.9750651395599236,0.004708832218837586
PhysionetMotorImagery,csp_lda,85,balanced_accuracy,5,-0.5862837837837838,-0.05862837837837838,0.7766824324324324,-0.8307864040841668,0.08140373921572655
PhysionetMotorImagery,csp_lda,85,brier_score,5,0.6165895506879748,0.06165895506879748,0.1971438752388375,0.8661315138083602,0.057601346300387116
PhysionetMotorImagery,csp_lda,85,ece,5,0.5836935668012511,0.058369356680125106,0.22171950285840575,0.8532602956399109,0.06597166240481972
PhysionetMotorImagery,csp_lda,86,roc_auc,5,-0.19304054054054043,-0.019304054054054044,0.5016689189189188,-0.6491390897351034,0.23590821581410973
PhysionetMotorImagery,csp_lda,86,balanced_accuracy,5,-0.19844594594594597,-0.0198445945945946,0.5503581081081081,-0.8529461068585173,0.06618037888264285
PhysionetMotorImagery,csp_lda,86,brier_score,5,0.292033415955036,0.029203341595503602,0.3666449710164096,0.7770387457618969,0.12206520023010665
PhysionetMotorImagery,csp_lda,86,ece,5,0.2512345088357664,0.025123450883576644,0.39632040351786035,0.7795889859583837,0.12002645048135116
PhysionetMotorImagery,csp_lda,87,roc_auc,5,0.12513513513513533,0.012513513513513534,0.47227027027027024,0.8576294904363782,0.06309063443794496
PhysionetMotorImagery,csp_lda,87,balanced_accuracy,5,0.025337837837837888,0.002533783783783789,0.4899256756756757,0.6953750956303066,0.19233900396270523
PhysionetMotorImagery,csp_lda,87,brier_score,5,0.09833440106732295,0.009833440106732295,0.475097346580143,0.7951021651516359,0.10784995668480696
PhysionetMotorImagery,csp_lda,87,ece,5,0.028017786063525906,0.002801778606352591,0.5030661245348718,0.7746935799794511,0.12394903092360754
PhysionetMotorImagery,csp_lda,88,roc_auc,5,-0.10117117117117128,-0.010117117117117129,0.5048798798798799,-0.7359152322205954,0.15629655475854903
PhysionetMotorImagery,csp_lda,88,balanced_accuracy,5,-0.04806306306306304,-0.004806306306306304,0.5180405405405406,-0.6220031806260374,0.2625803693480883
PhysionetMotorImagery,csp_lda,88,brier_score,5,0.24466153820290693,0.024466153820290694,0.36346836563570323,0.8299456843384473,0.08200020646670647
PhysionetMotorImagery,csp_lda,88,ece,5,0.25277415331007375,0.025277415331007375,0.3784788325459307,0.7563827841701845,0.1389478318965497
PhysionetMotorImagery,csp_lda,89,roc_auc,5,-0.15263513513513513,-0.015263513513513514,0.6154797297297296,-0.8032751630976231,0.10159513816372037
PhysionetMotorImagery,csp_lda,89,balanced_accuracy,5,-0.056418918918919,-0.0056418918918919,0.5234121621621622,-0.8569535602811408,0.06353370892523552
PhysionetMotorImagery,csp_lda,89,brier_score,5,0.19322394537500223,0.019322394537500225,0.39229130341065815,0.7080010895464702,0.18088546299830738
PhysionetMotorImagery,csp_lda,89,ece,5,0.14849959024737838,0.01484995902473784,0.4174207540221435,0.6881381067118775,0.19899296683454618
PhysionetMotorImagery,csp_lda,90,roc_auc,5,-0.21871621621621637,-0.021871621621621637,0.5883175675675676,-0.7279809092354128,0.1631797741191105
PhysionetMotorImagery,csp_lda,90,balanced_accuracy,5,-0.10736486486486474,-0.010736486486486474,0.5420202702702702,-0.84457785071246,0.07181415865257287
PhysionetMotorImagery,csp_lda,90,brier_score,5,0.19406770896460315,0.019406770896460316,0.4138796336950036,0.7796443661546599,0.11998229168707743
PhysionetMotorImagery,csp_lda,90,ece,5,0.14969690139226557,0.014969690139226558,0.43836724286914247,0.7233303382812956,0.1672539497226338
PhysionetMotorImagery,csp_lda,91,roc_auc,5,-0.20959459459459467,-0.02095945945945947,0.5868108108108108,-0.9593144802039872,0.009790961682580935
PhysionetMotorImagery,csp_lda,91,balanced_accuracy,5,-0.17195945945945937,-0.017195945945945937,0.562331081081081,-0.6521050895227649,0.23304039307831123
PhysionetMotorImagery,csp_lda,91,brier_score,5,0.24166022546787064,0.024166022546787066,0.40331031556494157,0.6604329200359385,0.22503997081984767
PhysionetMotorImagery,csp_lda,91,ece,5,0.1618292667411487,0.016182926674114872,0.4363727829017079,0.6989376687634871,0.1890870590413833
PhysionetMotorImagery,csp_lda,92,roc_auc,5,-0.401876876876877,-0.040187687687687705,0.6674129129129129,-0.838945444750068,0.0756855751598301
PhysionetMotorImagery,csp_lda,92,balanced_accuracy,5,-0.28941441441441434,-0.028941441441441437,0.6180045045045045,-0.6508647735995481,0.23423848583230034
PhysionetMotorImagery,csp_lda,92,brier_score,5,0.31510969924693766,0.031510969924693766,0.33982835959344543,0.6044179810823627,0.28026621656427864
PhysionetMotorImagery,csp_lda,92,ece,5,0.26781840393149936,0.026781840393149937,0.36369189637789834,0.582565637272824,0.30265843465732317
PhysionetMotorImagery,csp_lda,93,roc_auc,5,-0.44851351351351365,-0.04485135135135137,0.818972972972973,-0.9241597706078681,0.024784496382787135
PhysionetMotorImagery,csp_lda,93,balanced_accuracy,5,-0.43087837837837833,-0.04308783783783784,0.6819932432432432,-0.7431617395397271,0.150086105382414
PhysionetMotorImagery,csp_lda,93,brier_score,5,0.45395294872887554,0.04539529487288756,0.2873381941326594,0.783834566092724,0.11665529421925802
PhysionetMotorImagery,csp_lda,93,ece,5,0.43941530392157896,0.043941530392157896,0.3053412367533015,0.7890035615069799,0.11259005731469797
PhysionetMotorImagery,csp_lda,94,roc_auc,5,-0.4599999999999999,-0.04599999999999999,0.6665,-0.704702006322983,0.18385884507213904
PhysionetMotorImagery,csp_lda,94,balanced_accuracy,5,-0.4393918918918918,-0.04393918918918918,0.6354662162162161,-0.7136301847018096,0.1758442462030277
PhysionetMotorImagery,csp_lda,94,brier_score,5,0.48532817955015145,0.04853281795501515,0.3259147080347187,0.7585826642399672,0.13711920326823035
PhysionetMotorImagery,csp_lda,94,ece,5,0.4186889007413828,0.041868890074138285,0.3645549925058155,0.7504727813653389,0.1438956125289555
PhysionetMotorImagery,csp_lda,95,roc_auc,5,0.1536486486486485,0.01536486486486485,0.3747972972972973,0.8604951345786052,0.061223004803405943
PhysionetMotorImagery,csp_lda,95,balanced_accuracy,5,0.13574324324324316,0.013574324324324316,0.4467364864864865,0.7997996788915509,0.10424110677025476
PhysionetMotorImagery,csp_lda,95,brier_score,5,0.1371923724541924,0.013719237245419243,0.44909716558744994,0.7008379591595457,0.18735890764561686
PhysionetMotorImagery,csp_lda,95,ece,5,-0.032152592847786,-0.0032152592847786003,0.5201841832865277,-0.4003181284117019,0.5042603657725224
PhysionetMotorImagery,csp_lda,96,roc_auc,5,-0.14162162162162162,-0.014162162162162163,0.5127567567567567,-0.7251381498897237,0.1656667509150057
PhysionetMotorImagery,csp_lda,96,balanced_accuracy,5,0.006959459459459459,0.0006959459459459459,0.49216891891891884,0.17008096684657953,0.7844948263389226
PhysionetMotorImagery,csp_lda,96,brier_score,5,0.26315071157018155,0.026315071157018158,0.32488322837830713,0.8173795766504252,0.09107272128992061
PhysionetMotorImagery,csp_lda,96,ece,5,0.13754393061221748,0.013754393061221748,0.38676124443454996,0.9285536314556091,0.02267745033490288
PhysionetMotorImagery,csp_lda,97,roc_auc,5,-0.44418918918918954,-0.044418918918918956,0.6461216216216218,-0.9140193102385497,0.029871247695212093
PhysionetMotorImagery,csp_lda,97,balanced_accuracy,5,-0.16939189189189188,-0.01693918918918919,0.5644662162162162,-0.5892572318109893,0.2957540664818388
PhysionetMotorImagery,csp_lda,97,brier_score,5,0.22024593330018333,0.022024593330018334,0.38648434285877376,0.6649233072149718,0.22075824259166096
PhysionetMotorImagery,csp_lda,97,ece,5,0.12051698904056699,0.012051698904056699,0.4359715790451014,0.5920856413610329,0.2928481820446074
PhysionetMotorImagery,csp_lda,98,roc_auc,5,-0.34081081081081077,-0.03408108108108108,0.6233783783783784,-0.753107518757105,0.14168355032575292
PhysionetMotorImagery,csp_lda,98,balanced_accuracy,5,-0.23229729729729742,-0.023229729729729743,0.5914054054054054,-0.6922068207159224,0.1952441716993167
PhysionetMotorImagery,csp_lda,98,brier_score,5,0.2628699347978881,0.026286993479788814,0.35716260181816484,0.7144294684882846,0.17513175315571589
PhysionetMotorImagery,csp_lda,98,ece,5,0.20258390199076934,0.020258390199076937,0.3913138798404803,0.6937068444376719,0.19386718179508428
PhysionetMotorImagery,csp_lda,99,roc_auc,5,0.06628378378378381,0.0066283783783783815,0.4358175675675675,0.3936263718532131,0.5120804539221989
PhysionetMotorImagery,csp_lda,99,balanced_accuracy,5,0.06959459459459476,0.006959459459459476,0.4676891891891891,0.4676651596476161,0.42702990151360876
PhysionetMotorImagery,csp_lda,99,brier_score,5,0.11095631486704342,0.011095631486704343,0.4539143152088453,0.6320422940461602,0.25262313985804263
PhysionetMotorImagery,csp_lda,99,ece,5,0.02628447775563954,0.002628447775563954,0.4987767577691323,0.5869586769424089,0.29812105681043716
PhysionetMotorImagery,csp_lda,100,roc_auc,5,-0.035867117117117105,-0.0035867117117117106,0.4918074324324324,-0.27325094565730607,0.6564654844348797
PhysionetMotorImagery,csp_lda,100,balanced_accuracy,5,0.036373873873873835,0.0036373873873873836,0.489831081081081,0.5775929931399864,0.3078157009933912
PhysionetMotorImagery,csp_lda,100,brier_score,5,0.036124314456703374,0.0036124314456703376,0.4698684731011566,0.4994933055336416,0.39156102387937697
PhysionetMotorImagery,csp_lda,100,ece,5,-0.05873123045300566,-0.005873123045300566,0.5146900258626046,-0.551845435913366,0.33486918750444106
PhysionetMotorImagery,csp_lda,101,roc_auc,5,0.08189189189189201,0.008189189189189202,0.4812837837837838,0.6277329416825438,0.25688468250864943
PhysionetMotorImagery,csp_lda,101,balanced_accuracy,5,0.05527027027027045,0.005527027027027045,0.4860405405405405,0.7296118583236176,0.16175787113804535
PhysionetMotorImagery,csp_lda,101,brier_score,5,0.00523609120513909,0.000523609120513909,0.48432440254226133,0.159936066055173,0.7972345945929759
PhysionetMotorImagery,csp_lda,101,ece,5,-0.062479479977531935,-0.006247947997753194,0.5108868134568849,-0.804475193831584,0.10068633087520557
PhysionetMotorImagery,csp_lda,102,roc_auc,5,-0.48945945945945946,-0.04894594594594595,0.7055810810810811,-0.7862783710437726,0.11472792865902534
PhysionetMotorImagery,csp_lda,102,balanced_accuracy,5,-0.3167567567567569,-0.03167567567567569,0.6104864864864865,-0.7006061691724329,0.18756945937318215
PhysionetMotorImagery,csp_lda,102,brier_score,5,0.408340095856325,0.040834009585632505,0.36443290635776815,0.6699018758627638,0.21603774696114475
PhysionetMotorImagery,csp_lda,102,ece,5,0.3732628617920294,0.03732628617920294,0.3812578830221087,0.6610101234260999,0.22448831838984099
PhysionetMotorImagery,csp_lda,103,roc_auc,5,-0.36013513513513495,-0.0360135135135135,0.6182297297297297,-0.8541210417612223,0.06540092063804323
PhysionetMotorImagery,csp_lda,103,balanced_accuracy,5,-0.1647972972972973,-0.01647972972972973,0.5511554054054054,-0.5616849918492451,0.3244625502656115
PhysionetMotorImagery,csp_lda,103,brier_score,5,0.27976985383824554,0.027976985383824555,0.3709577899733288,0.729067655231443,0.16223192042327744
PhysionetMotorImagery,csp_lda,103,ece,5,0.25083732137580317,0.02508373213758032,0.39908005849875383,0.7250904923684582,0.16570853650765688
PhysionetMotorImagery,csp_lda,104,roc_auc,5,-0.515304054054054,-0.051530405405405405,0.6407668918918918,-0.8438378598719186,0.07231918502154008
PhysionetMotorImagery,csp_lda,104,balanced_accuracy,5,-0.2168243243243243,-0.02168243243243243,0.5741013513513513,-0.684856331806739,0.20203127432706877
PhysionetMotorImagery,csp_lda,104,brier_score,5,0.36668716370582605,0.0366687163705826,0.36511995863679825,0.7301656646962629,0.16127586956255777
PhysionetMotorImagery,csp_lda,104,ece,5,0.3109071347075173,0.03109071347075173,0.389851269198477,0.7334875660913154,0.15839345813193045
PhysionetMotorImagery,csp_lda,105,roc_auc,5,-0.25527027027027044,-0.025527027027027045,0.5939594594594596,-0.6747207040924955,0.21149582711750448
PhysionetMotorImagery,csp_lda,105,balanced_accuracy,5,-0.09594594594594578,-0.00959459459459458,0.538108108108108,-0.5659580846036694,0.3199691259418579
PhysionetMotorImagery,csp_lda,105,brier_score,5,0.22115992156604772,0.022115992156604772,0.4043728556717243,0.7391162081460884,0.1535441794341722
PhysionetMotorImagery,csp_lda,105,ece,5,0.19632064408118413,0.019632064408118415,0.4219411355225041,0.7286646169919103,0.16258326149673116
PhysionetMotorImagery,csp_lda,106,roc_auc,5,-0.0456756756756757,-0.00456756756756757,0.48764864864864865,-0.3822482776586833,0.5254328520368466
PhysionetMotorImagery,csp_lda,106,balanced_accuracy,5,-0.09959459459459463,-0.009959459459459464,0.5398108108108107,-0.5766223016387153,0.3088250396165166
PhysionetMotorImagery,csp_lda,106,brier_score,5,0.2043123160590024,0.02043123160590024,0.4289567942826024,0.7007048345352547,0.18747982622516565
PhysionetMotorImagery,csp_lda,106,ece,5,0.16238602304704028,0.016238602304704027,0.4561926802326931,0.7100069794325516,0.17908438740636215
PhysionetMotorImagery,csp_lda,107,roc_auc,5,0.10472972972972983,0.010472972972972984,0.47795945945945945,0.7122391651533759,0.17708619581452328
PhysionetMotorImagery,csp_lda,107,balanced_accuracy,5,0.04817567567567569,0.004817567567567569,0.4946013513513513,0.7496032731923667,0.14462783732255854
PhysionetMotorImagery,csp_lda,107,brier_score,5,0.07450279525916527,0.007450279525916527,0.432391803247031,0.5667749008152758,0.31911200412437923
PhysionetMotorImagery,csp_lda,107,ece,5,0.027117246312547815,0.0027117246312547815,0.46764385631347705,0.5586259517769954,0.32768902643103576
PhysionetMotorImagery,csp_lda,108,roc_auc,5,-0.3802027027027027,-0.03802027027027027,0.7733445945945946,-0.8592229303836705,0.06204997351945986
PhysionetMotorImagery,csp_lda,108,balanced_accuracy,5,-0.27087837837837847,-0.027087837837837848,0.6204932432432432,-0.8678449599533148,0.056514181126490516
PhysionetMotorImagery,csp_lda,108,brier_score,5,0.38603697330121073,0.038603697330121076,0.28697643998149214,0.851139139893308,0.06738473062308888
PhysionetMotorImagery,csp_lda,108,ece,5,0.3418198399737186,0.034181983997371865,0.3281609564961605,0.8546050021337567,0.06508069723280188
PhysionetMotorImagery,csp_lda,109,roc_auc,5,0.11412162162162158,0.011412162162162159,0.4654932432432432,0.7344119684587833,0.15759404519441417
PhysionetMotorImagery,csp_lda,109,balanced_accuracy,5,0.056216216216216267,0.005621621621621627,0.47943243243243233,0.9052123830971779,0.03452932335402454
PhysionetMotorImagery,csp_lda,109,brier_score,5,0.0011856171096322583,0.00011856171096322584,0.4709560289059512,0.050440073442146516,0.9358049466613825
PhysionetMotorImagery,csp_lda,109,ece,5,-0.043742653713943085,-0.004374265371394309,0.50354663653794,-0.6585844215476323,0.22680914998444338
