subject,condition,roc_auc_csp,roc_auc_riemann,paired_difference_csp_minus_riemann
1,dropout_0.1,0.6475,0.871,-0.22350000000000003
1,dropout_0.2,0.562,0.8140000000000001,-0.252
1,dropout_0.3,0.504,0.754,-0.25
1,dropout_0.5,0.5395,0.6920000000000001,-0.15250000000000008
1,clean,0.8099999999999999,0.92,-0.1100000000000001
1,motor_core,0.85,0.8,0.04999999999999993
1,motor_extended,0.94,0.92,0.019999999999999907
1,region_midline_motor_strip,0.86,0.8800000000000001,-0.02000000000000013
1,region_left_motor_strip,0.6,0.8,-0.20000000000000007
1,region_right_motor_strip,0.5900000000000001,0.86,-0.2699999999999999
2,dropout_0.1,0.772,0.87,-0.09799999999999998
2,dropout_0.2,0.635,0.8240000000000001,-0.18900000000000006
2,dropout_0.3,0.649,0.784,-0.135
2,dropout_0.5,0.565,0.657,-0.09200000000000008
2,clean,0.95,0.93,0.019999999999999907
2,motor_core,0.65,0.6799999999999999,-0.029999999999999916
2,motor_extended,0.91,0.91,0.0
2,region_midline_motor_strip,0.93,0.8800000000000001,0.04999999999999993
2,region_left_motor_strip,0.82,0.8400000000000001,-0.02000000000000013
2,region_right_motor_strip,0.5900000000000001,0.78,-0.18999999999999995
3,dropout_0.1,0.511,0.551,-0.040000000000000036
3,dropout_0.2,0.5419999999999999,0.53,0.0119999999999999
3,dropout_0.3,0.4935,0.501,-0.007500000000000007
3,dropout_0.5,0.526,0.4639999999999999,0.06200000000000011
3,clean,0.5700000000000001,0.5900000000000001,-0.020000000000000018
3,motor_core,0.4599999999999999,0.4599999999999999,0.0
3,motor_extended,0.5199999999999999,0.5,0.019999999999999907
3,region_midline_motor_strip,0.47,0.5900000000000001,-0.1200000000000001
3,region_left_motor_strip,0.68,0.5599999999999999,0.1200000000000001
3,region_right_motor_strip,0.5399999999999999,0.54,-1.1102230246251565e-16
4,dropout_0.1,0.585,0.762,-0.17700000000000005
4,dropout_0.2,0.5205000000000001,0.722,-0.2014999999999999
4,dropout_0.3,0.506,0.705,-0.19899999999999995
4,dropout_0.5,0.442,0.611,-0.16899999999999998
4,clean,0.6599999999999999,0.8099999999999999,-0.15000000000000002
4,motor_core,0.8400000000000001,0.78,0.06000000000000005
4,motor_extended,0.74,0.8099999999999999,-0.06999999999999995
4,region_midline_motor_strip,0.51,0.8,-0.29000000000000004
4,region_left_motor_strip,0.51,0.8,-0.29000000000000004
4,region_right_motor_strip,0.65,0.77,-0.12
5,dropout_0.1,0.445,0.384,0.061
5,dropout_0.2,0.435,0.389,0.045999999999999985
5,dropout_0.3,0.487,0.414,0.07300000000000001
5,dropout_0.5,0.4935,0.433,0.0605
5,clean,0.4800000000000001,0.4,0.08000000000000007
5,motor_core,0.62,0.5599999999999999,0.06000000000000005
5,motor_extended,0.5700000000000001,0.5599999999999999,0.01000000000000012
5,region_midline_motor_strip,0.415,0.35,0.065
5,region_left_motor_strip,0.36,0.35,0.010000000000000009
5,region_right_motor_strip,0.5900000000000001,0.44,0.15000000000000008
6,dropout_0.1,0.4529999999999999,0.53,-0.07700000000000012
6,dropout_0.2,0.476,0.4909999999999999,-0.014999999999999902
6,dropout_0.3,0.396,0.518,-0.122
6,dropout_0.5,0.447,0.505,-0.057999999999999996
6,clean,0.48,0.63,-0.15000000000000002
6,motor_core,0.42,0.4199999999999999,1.1102230246251565e-16
6,motor_extended,0.55,0.4599999999999999,0.09000000000000014
6,region_midline_motor_strip,0.5399999999999999,0.5599999999999999,-0.020000000000000018
6,region_left_motor_strip,0.44,0.5,-0.06
6,region_right_motor_strip,0.44,0.4899999999999999,-0.04999999999999988
7,dropout_0.1,0.8675,0.997,-0.12949999999999995
7,dropout_0.2,0.7290000000000001,0.974,-0.24499999999999988
7,dropout_0.3,0.7615000000000001,0.968,-0.2064999999999999
7,dropout_0.5,0.6609999999999999,0.831,-0.17000000000000004
7,clean,1.0,1.0,0.0
7,motor_core,0.96,0.96,0.0
7,motor_extended,1.0,1.0,0.0
7,region_midline_motor_strip,0.94,1.0,-0.06000000000000005
7,region_left_motor_strip,0.99,1.0,-0.010000000000000009
7,region_right_motor_strip,0.96,0.98,-0.020000000000000018
8,dropout_0.1,0.573,0.539,0.03399999999999992
8,dropout_0.2,0.489,0.4679999999999999,0.021000000000000074
8,dropout_0.3,0.473,0.476,-0.0030000000000000027
8,dropout_0.5,0.4589999999999999,0.417,0.041999999999999926
8,clean,0.65,0.6599999999999999,-0.009999999999999898
8,motor_core,0.7,0.67,0.029999999999999916
8,motor_extended,0.8,0.77,0.030000000000000027
8,region_midline_motor_strip,0.55,0.62,-0.06999999999999995
8,region_left_motor_strip,0.52,0.58,-0.05999999999999994
8,region_right_motor_strip,0.575,0.52,0.05499999999999994
9,dropout_0.1,0.3989999999999999,0.4379999999999999,-0.03899999999999998
9,dropout_0.2,0.439,0.43,0.009000000000000008
9,dropout_0.3,0.4765,0.427,0.04949999999999999
9,dropout_0.5,0.4629999999999999,0.4429999999999999,0.020000000000000018
9,clean,0.24,0.47,-0.22999999999999998
9,motor_core,0.6799999999999999,0.68,-1.1102230246251565e-16
9,motor_extended,0.7,0.6300000000000001,0.06999999999999984
9,region_midline_motor_strip,0.465,0.44,0.025000000000000022
9,region_left_motor_strip,0.3299999999999999,0.39,-0.06000000000000011
9,region_right_motor_strip,0.3099999999999999,0.41,-0.10000000000000009
10,dropout_0.1,0.593,0.519,0.07399999999999995
10,dropout_0.2,0.579,0.506,0.07299999999999995
10,dropout_0.3,0.57,0.51,0.05999999999999994
10,dropout_0.5,0.607,0.489,0.118
10,clean,0.71,0.58,0.13
10,motor_core,0.73,0.79,-0.06000000000000005
10,motor_extended,0.93,0.8800000000000001,0.04999999999999993
10,region_midline_motor_strip,0.63,0.47,0.16000000000000003
10,region_left_motor_strip,0.63,0.5700000000000001,0.05999999999999994
10,region_right_motor_strip,0.53,0.42,0.11000000000000004
11,dropout_0.1,0.612,0.7040000000000001,-0.09200000000000008
11,dropout_0.2,0.6035,0.635,-0.03149999999999997
11,dropout_0.3,0.588,0.635,-0.04700000000000004
11,dropout_0.5,0.5865,0.5479999999999999,0.03850000000000009
11,clean,0.63,0.74,-0.10999999999999999
11,motor_core,0.4699999999999999,0.4699999999999999,0.0
11,motor_extended,0.39,0.44,-0.04999999999999999
11,region_midline_motor_strip,0.6300000000000001,0.76,-0.1299999999999999
11,region_left_motor_strip,0.66,0.8099999999999999,-0.1499999999999999
11,region_right_motor_strip,0.7,0.73,-0.030000000000000027
12,dropout_0.1,0.444,0.784,-0.34
12,dropout_0.2,0.451,0.755,-0.304
12,dropout_0.3,0.449,0.7559999999999999,-0.3069999999999999
12,dropout_0.5,0.446,0.706,-0.25999999999999995
12,clean,0.42,0.8,-0.38000000000000006
12,motor_core,0.64,0.62,0.020000000000000018
12,motor_extended,0.6799999999999999,0.78,-0.10000000000000009
12,region_midline_motor_strip,0.4,0.79,-0.39
12,region_left_motor_strip,0.4599999999999999,0.75,-0.2900000000000001
12,region_right_motor_strip,0.54,0.78,-0.24
13,dropout_0.1,0.565,0.695,-0.13
13,dropout_0.2,0.476,0.6509999999999999,-0.17499999999999993
13,dropout_0.3,0.473,0.669,-0.19600000000000006
13,dropout_0.5,0.473,0.6030000000000001,-0.13000000000000012
13,clean,0.63,0.6900000000000001,-0.06000000000000005
13,motor_core,0.6599999999999999,0.6799999999999999,-0.020000000000000018
13,motor_extended,0.72,0.8,-0.08000000000000007
13,region_midline_motor_strip,0.5,0.6900000000000001,-0.19000000000000006
13,region_left_motor_strip,0.5,0.5800000000000001,-0.08000000000000007
13,region_right_motor_strip,0.61,0.65,-0.040000000000000036
14,dropout_0.1,0.5505,0.539,0.011499999999999955
14,dropout_0.2,0.557,0.55,0.007000000000000006
14,dropout_0.3,0.584,0.5619999999999999,0.02200000000000002
14,dropout_0.5,0.5255,0.5469999999999999,-0.021499999999999964
14,clean,0.5,0.52,-0.020000000000000018
14,motor_core,0.67,0.6,0.07000000000000006
14,motor_extended,0.62,0.65,-0.030000000000000027
14,region_midline_motor_strip,0.52,0.5,0.020000000000000018
14,region_left_motor_strip,0.49,0.51,-0.020000000000000018
14,region_right_motor_strip,0.5700000000000001,0.53,0.040000000000000036
15,dropout_0.1,0.6934999999999999,0.7709999999999999,-0.07750000000000001
15,dropout_0.2,0.573,0.687,-0.1140000000000001
15,dropout_0.3,0.5589999999999999,0.6659999999999999,-0.10699999999999998
15,dropout_0.5,0.5660000000000001,0.546,0.020000000000000018
15,clean,0.85,0.8699999999999999,-0.019999999999999907
15,motor_core,0.82,0.79,0.029999999999999916
15,motor_extended,0.86,0.91,-0.050000000000000044
15,region_midline_motor_strip,0.76,0.8300000000000001,-0.07000000000000006
15,region_left_motor_strip,0.5800000000000001,0.86,-0.2799999999999999
15,region_right_motor_strip,0.6,0.7,-0.09999999999999998
16,dropout_0.1,0.5920000000000001,0.55,0.04200000000000004
16,dropout_0.2,0.57,0.475,0.09499999999999997
16,dropout_0.3,0.599,0.5379999999999999,0.061000000000000054
16,dropout_0.5,0.579,0.5319999999999999,0.04700000000000004
16,clean,0.5200000000000001,0.56,-0.039999999999999925
16,motor_core,0.62,0.53,0.08999999999999997
16,motor_extended,0.5399999999999999,0.71,-0.17000000000000004
16,region_midline_motor_strip,0.62,0.54,0.07999999999999996
16,region_left_motor_strip,0.54,0.51,0.030000000000000027
16,region_right_motor_strip,0.65,0.5,0.15000000000000002
17,dropout_0.1,0.436,0.371,0.065
17,dropout_0.2,0.4675,0.321,0.14650000000000002
17,dropout_0.3,0.493,0.351,0.14200000000000002
17,dropout_0.5,0.4305,0.314,0.11649999999999999
17,clean,0.48,0.42,0.06
17,motor_core,0.4599999999999999,0.37,0.08999999999999991
17,motor_extended,0.41,0.35,0.06
17,region_midline_motor_strip,0.48,0.39,0.08999999999999997
17,region_left_motor_strip,0.38,0.45,-0.07
17,region_right_motor_strip,0.37,0.37,0.0
18,dropout_0.1,0.564,0.5219999999999999,0.04200000000000004
18,dropout_0.2,0.5429999999999999,0.523,0.019999999999999907
18,dropout_0.3,0.552,0.477,0.07500000000000007
18,dropout_0.5,0.529,0.51,0.019000000000000017
18,clean,0.63,0.58,0.050000000000000044
18,motor_core,0.41,0.2599999999999999,0.15000000000000008
18,motor_extended,0.31,0.35,-0.03999999999999998
18,region_midline_motor_strip,0.58,0.54,0.039999999999999925
18,region_left_motor_strip,0.71,0.5199999999999999,0.19000000000000006
18,region_right_motor_strip,0.7,0.5,0.19999999999999996
19,dropout_0.1,0.4525,0.562,-0.10950000000000004
19,dropout_0.2,0.4539999999999999,0.529,-0.07500000000000012
19,dropout_0.3,0.428,0.511,-0.08300000000000002
19,dropout_0.5,0.4579999999999999,0.528,-0.07000000000000012
19,clean,0.5,0.58,-0.07999999999999996
19,motor_core,0.8300000000000001,0.78,0.050000000000000044
19,motor_extended,0.77,0.76,0.010000000000000009
19,region_midline_motor_strip,0.55,0.55,0.0
19,region_left_motor_strip,0.47,0.55,-0.08000000000000007
19,region_right_motor_strip,0.6,0.4699999999999999,0.13000000000000006
20,dropout_0.1,0.596,0.6629999999999999,-0.06699999999999995
20,dropout_0.2,0.5539999999999999,0.644,-0.09000000000000008
20,dropout_0.3,0.481,0.632,-0.15100000000000002
20,dropout_0.5,0.473,0.579,-0.10599999999999998
20,clean,0.64,0.7100000000000001,-0.07000000000000006
20,motor_core,0.42,0.43,-0.010000000000000009
20,motor_extended,0.2,0.2799999999999999,-0.0799999999999999
20,region_midline_motor_strip,0.5700000000000001,0.72,-0.1499999999999999
20,region_left_motor_strip,0.6300000000000001,0.79,-0.15999999999999992
20,region_right_motor_strip,0.6900000000000001,0.82,-0.1299999999999999
21,dropout_0.1,0.5545,0.485,0.0695
21,dropout_0.2,0.525,0.455,0.07
21,dropout_0.3,0.5155,0.4429999999999999,0.07250000000000006
21,dropout_0.5,0.5125,0.436,0.07649999999999996
21,clean,0.72,0.5199999999999999,0.20000000000000007
21,motor_core,0.67,0.74,-0.06999999999999995
21,motor_extended,0.74,0.71,0.030000000000000027
21,region_midline_motor_strip,0.57,0.48,0.08999999999999997
21,region_left_motor_strip,0.4899999999999999,0.57,-0.08000000000000007
21,region_right_motor_strip,0.675,0.43,0.24500000000000005
22,dropout_0.1,0.6405,0.892,-0.25150000000000006
22,dropout_0.2,0.529,0.85,-0.32099999999999995
22,dropout_0.3,0.4885,0.754,-0.2655
22,dropout_0.5,0.4745,0.6579999999999999,-0.18349999999999994
22,clean,0.8099999999999999,0.92,-0.1100000000000001
22,motor_core,0.6100000000000001,0.63,-0.019999999999999907
22,motor_extended,0.6100000000000001,0.5599999999999999,0.050000000000000155
22,region_midline_motor_strip,0.64,0.94,-0.29999999999999993
22,region_left_motor_strip,0.8099999999999999,0.92,-0.1100000000000001
22,region_right_motor_strip,0.58,0.91,-0.33000000000000007
23,dropout_0.1,0.541,0.562,-0.02100000000000002
23,dropout_0.2,0.5275,0.574,-0.046499999999999986
23,dropout_0.3,0.5075,0.592,-0.08450000000000002
23,dropout_0.5,0.5435,0.6,-0.056499999999999995
23,clean,0.5900000000000001,0.58,0.01000000000000012
23,motor_core,0.54,0.6,-0.05999999999999994
23,motor_extended,0.74,0.8099999999999999,-0.06999999999999995
23,region_midline_motor_strip,0.58,0.58,0.0
23,region_left_motor_strip,0.63,0.57,0.06000000000000005
23,region_right_motor_strip,0.53,0.6,-0.06999999999999995
24,dropout_0.1,0.534,0.631,-0.09699999999999998
24,dropout_0.2,0.5615,0.58,-0.01849999999999996
24,dropout_0.3,0.515,0.597,-0.08199999999999996
24,dropout_0.5,0.482,0.5379999999999999,-0.05599999999999994
24,clean,0.6900000000000001,0.63,0.06000000000000005
24,motor_core,0.52,0.55,-0.030000000000000027
24,motor_extended,0.6300000000000001,0.64,-0.009999999999999898
24,region_midline_motor_strip,0.5900000000000001,0.6199999999999999,-0.029999999999999805
24,region_left_motor_strip,0.61,0.64,-0.030000000000000027
24,region_right_motor_strip,0.43,0.51,-0.08000000000000002
25,dropout_0.1,0.506,0.491,0.015000000000000013
25,dropout_0.2,0.4955,0.436,0.0595
25,dropout_0.3,0.516,0.447,0.069
25,dropout_0.5,0.5055,0.423,0.08249999999999996
25,clean,0.65,0.5800000000000001,0.06999999999999995
25,motor_core,0.5900000000000001,0.7,-0.10999999999999988
25,motor_extended,0.79,0.82,-0.029999999999999916
25,region_midline_motor_strip,0.5900000000000001,0.4800000000000001,0.10999999999999999
25,region_left_motor_strip,0.43,0.43,0.0
25,region_right_motor_strip,0.595,0.4600000000000001,0.1349999999999999
26,dropout_0.1,0.723,0.7509999999999999,-0.027999999999999914
26,dropout_0.2,0.613,0.69,-0.07699999999999996
26,dropout_0.3,0.627,0.66,-0.03300000000000003
26,dropout_0.5,0.5545,0.6,-0.045499999999999985
26,clean,0.86,0.82,0.040000000000000036
26,motor_core,0.78,0.6799999999999999,0.10000000000000009
26,motor_extended,0.9,0.91,-0.010000000000000009
26,region_midline_motor_strip,0.7,0.8,-0.10000000000000009
26,region_left_motor_strip,0.71,0.67,0.039999999999999925
26,region_right_motor_strip,0.63,0.74,-0.10999999999999999
27,dropout_0.1,0.545,0.618,-0.07299999999999995
27,dropout_0.2,0.5109999999999999,0.565,-0.05400000000000005
27,dropout_0.3,0.591,0.545,0.04599999999999993
27,dropout_0.5,0.5655,0.553,0.012499999999999956
27,clean,0.51,0.64,-0.13
27,motor_core,0.55,0.5599999999999999,-0.009999999999999898
27,motor_extended,0.6599999999999999,0.68,-0.02000000000000013
27,region_midline_motor_strip,0.5599999999999999,0.6300000000000001,-0.07000000000000017
27,region_left_motor_strip,0.5599999999999999,0.65,-0.09000000000000008
27,region_right_motor_strip,0.49,0.6599999999999999,-0.16999999999999993
28,dropout_0.1,0.418,0.3819999999999999,0.03600000000000009
28,dropout_0.2,0.417,0.426,-0.009000000000000008
28,dropout_0.3,0.419,0.428,-0.009000000000000008
28,dropout_0.5,0.465,0.424,0.041000000000000036
28,clean,0.48,0.3299999999999999,0.15000000000000008
28,motor_core,0.6300000000000001,0.61,0.02000000000000013
28,motor_extended,0.48,0.44,0.03999999999999998
28,region_midline_motor_strip,0.37,0.38,-0.010000000000000009
28,region_left_motor_strip,0.51,0.29,0.22000000000000003
28,region_right_motor_strip,0.51,0.42,0.09000000000000002
29,dropout_0.1,0.8615,0.938,-0.0764999999999999
29,dropout_0.2,0.703,0.8859999999999999,-0.18299999999999994
29,dropout_0.3,0.6875,0.867,-0.1795
29,dropout_0.5,0.616,0.774,-0.15800000000000003
29,clean,1.0,0.99,0.010000000000000009
29,motor_core,0.99,0.98,0.010000000000000009
29,motor_extended,0.99,1.0,-0.010000000000000009
29,region_midline_motor_strip,0.8300000000000001,0.99,-0.15999999999999992
29,region_left_motor_strip,0.76,0.89,-0.13
29,region_right_motor_strip,0.91,0.8099999999999999,0.10000000000000009
30,dropout_0.1,0.486,0.4269999999999999,0.05900000000000011
30,dropout_0.2,0.4985,0.4429999999999999,0.055500000000000105
30,dropout_0.3,0.4445,0.4369999999999999,0.007500000000000118
30,dropout_0.5,0.4635,0.3379999999999999,0.1255000000000001
30,clean,0.4199999999999999,0.45,-0.030000000000000138
30,motor_core,0.2699999999999999,0.2699999999999999,0.0
30,motor_extended,0.42,0.43,-0.010000000000000009
30,region_midline_motor_strip,0.43,0.4699999999999999,-0.039999999999999925
30,region_left_motor_strip,0.45,0.4,0.04999999999999999
30,region_right_motor_strip,0.53,0.45,0.08000000000000002
31,dropout_0.1,0.625,0.74,-0.11499999999999999
31,dropout_0.2,0.589,0.7040000000000001,-0.1150000000000001
31,dropout_0.3,0.5585,0.7340000000000001,-0.1755000000000001
31,dropout_0.5,0.5770000000000001,0.68,-0.10299999999999998
31,clean,0.74,0.8300000000000001,-0.09000000000000008
31,motor_core,0.9,0.76,0.14
31,motor_extended,0.95,0.94,0.010000000000000009
31,region_midline_motor_strip,0.54,0.74,-0.19999999999999996
31,region_left_motor_strip,0.6900000000000001,0.77,-0.07999999999999996
31,region_right_motor_strip,0.58,0.6799999999999999,-0.09999999999999998
32,dropout_0.1,0.8270000000000001,0.93,-0.10299999999999998
32,dropout_0.2,0.6970000000000001,0.862,-0.16499999999999992
32,dropout_0.3,0.677,0.8370000000000001,-0.16000000000000003
32,dropout_0.5,0.657,0.7140000000000001,-0.05700000000000005
32,clean,0.93,0.96,-0.029999999999999916
32,motor_core,0.8800000000000001,0.86,0.02000000000000013
32,motor_extended,0.82,0.91,-0.09000000000000008
32,region_midline_motor_strip,0.8699999999999999,0.96,-0.09000000000000008
32,region_left_motor_strip,0.8299999999999998,0.86,-0.030000000000000138
32,region_right_motor_strip,0.74,0.92,-0.18000000000000005
33,dropout_0.1,0.522,0.669,-0.14700000000000002
33,dropout_0.2,0.498,0.597,-0.09899999999999998
33,dropout_0.3,0.495,0.622,-0.127
33,dropout_0.5,0.487,0.555,-0.06800000000000006
33,clean,0.5599999999999999,0.72,-0.16000000000000003
33,motor_core,0.8300000000000001,0.8400000000000001,-0.010000000000000009
33,motor_extended,0.7,0.8300000000000001,-0.13000000000000012
33,region_midline_motor_strip,0.52,0.7,-0.17999999999999994
33,region_left_motor_strip,0.51,0.63,-0.12
33,region_right_motor_strip,0.5,0.63,-0.13
34,dropout_0.1,0.8985,0.932,-0.033500000000000085
34,dropout_0.2,0.82,0.894,-0.07400000000000007
34,dropout_0.3,0.787,0.855,-0.06799999999999995
34,dropout_0.5,0.7825,0.807,-0.024500000000000077
34,clean,0.96,0.96,0.0
34,motor_core,0.96,0.99,-0.030000000000000027
34,motor_extended,0.98,0.99,-0.010000000000000009
34,region_midline_motor_strip,0.76,0.95,-0.18999999999999995
34,region_left_motor_strip,0.94,0.92,0.019999999999999907
34,region_right_motor_strip,0.74,0.8400000000000001,-0.10000000000000009
35,dropout_0.1,0.6285000000000001,0.8310000000000001,-0.2025
35,dropout_0.2,0.588,0.753,-0.16500000000000004
35,dropout_0.3,0.5885,0.741,-0.15249999999999997
35,dropout_0.5,0.585,0.649,-0.06400000000000006
35,clean,0.86,0.8800000000000001,-0.02000000000000013
35,motor_core,0.6799999999999999,0.62,0.05999999999999994
35,motor_extended,0.7899999999999999,0.8,-0.01000000000000012
35,region_midline_motor_strip,0.8300000000000001,0.8600000000000001,-0.030000000000000027
35,region_left_motor_strip,0.68,0.78,-0.09999999999999998
35,region_right_motor_strip,0.86,0.85,0.010000000000000009
36,dropout_0.1,0.476,0.582,-0.10599999999999998
36,dropout_0.2,0.473,0.5369999999999999,-0.06399999999999995
36,dropout_0.3,0.5219999999999999,0.497,0.02499999999999991
36,dropout_0.5,0.4835,0.4269999999999999,0.056500000000000106
36,clean,0.47,0.5800000000000001,-0.1100000000000001
36,motor_core,0.5900000000000001,0.5599999999999999,0.030000000000000138
36,motor_extended,0.3699999999999999,0.36,0.009999999999999898
36,region_midline_motor_strip,0.4800000000000001,0.5900000000000001,-0.10999999999999999
36,region_left_motor_strip,0.52,0.5700000000000001,-0.050000000000000044
36,region_right_motor_strip,0.53,0.63,-0.09999999999999998
37,dropout_0.1,0.408,0.441,-0.03300000000000003
37,dropout_0.2,0.483,0.471,0.01200000000000001
37,dropout_0.3,0.415,0.4029999999999999,0.012000000000000066
37,dropout_0.5,0.4539999999999999,0.431,0.02299999999999991
37,clean,0.38,0.45,-0.07
37,motor_core,0.47,0.38,0.08999999999999997
37,motor_extended,0.2999999999999999,0.35,-0.0500000000000001
37,region_midline_motor_strip,0.4599999999999999,0.4599999999999999,0.0
37,region_left_motor_strip,0.37,0.4599999999999999,-0.08999999999999991
37,region_right_motor_strip,0.38,0.49,-0.10999999999999999
38,dropout_0.1,0.445,0.51,-0.065
38,dropout_0.2,0.4469999999999999,0.5,-0.0530000000000001
38,dropout_0.3,0.4679999999999999,0.5219999999999999,-0.05399999999999999
38,dropout_0.5,0.457,0.484,-0.02699999999999997
38,clean,0.4599999999999999,0.51,-0.0500000000000001
38,motor_core,0.37,0.48,-0.10999999999999999
38,motor_extended,0.2799999999999999,0.39,-0.1100000000000001
38,region_midline_motor_strip,0.4,0.51,-0.10999999999999999
38,region_left_motor_strip,0.42,0.5900000000000001,-0.1700000000000001
38,region_right_motor_strip,0.43,0.5599999999999999,-0.12999999999999995
39,dropout_0.1,0.597,0.606,-0.009000000000000008
39,dropout_0.2,0.5720000000000001,0.607,-0.03499999999999992
39,dropout_0.3,0.555,0.635,-0.07999999999999996
39,dropout_0.5,0.5315,0.648,-0.11650000000000005
39,clean,0.6300000000000001,0.6,0.030000000000000138
39,motor_core,0.37,0.41,-0.03999999999999998
39,motor_extended,0.51,0.63,-0.12
39,region_midline_motor_strip,0.79,0.63,0.16000000000000003
39,region_left_motor_strip,0.53,0.6199999999999999,-0.08999999999999986
39,region_right_motor_strip,0.5900000000000001,0.58,0.01000000000000012
40,dropout_0.1,0.7945,0.568,0.22650000000000003
40,dropout_0.2,0.7175,0.494,0.22350000000000003
40,dropout_0.3,0.5935,0.455,0.1385
40,dropout_0.5,0.62,0.452,0.16799999999999998
40,clean,0.82,0.63,0.18999999999999995
40,motor_core,0.4899999999999999,0.54,-0.050000000000000155
40,motor_extended,0.54,0.52,0.020000000000000018
40,region_midline_motor_strip,0.85,0.71,0.14
40,region_left_motor_strip,0.8300000000000001,0.67,0.16000000000000003
40,region_right_motor_strip,0.8400000000000001,0.74,0.10000000000000009
41,dropout_0.1,0.4785,0.54,-0.061500000000000055
41,dropout_0.2,0.528,0.445,0.08300000000000002
41,dropout_0.3,0.4765,0.488,-0.01150000000000001
41,dropout_0.5,0.5105,0.4529999999999999,0.05750000000000005
41,clean,0.5900000000000001,0.6399999999999999,-0.04999999999999982
41,motor_core,0.52,0.5599999999999999,-0.039999999999999925
41,motor_extended,0.65,0.73,-0.07999999999999996
41,region_midline_motor_strip,0.52,0.63,-0.10999999999999999
41,region_left_motor_strip,0.48,0.52,-0.040000000000000036
41,region_right_motor_strip,0.43,0.51,-0.08000000000000002
42,dropout_0.1,0.784,0.944,-0.15999999999999992
42,dropout_0.2,0.7375,0.877,-0.13949999999999996
42,dropout_0.3,0.7065,0.855,-0.14849999999999997
42,dropout_0.5,0.599,0.6990000000000001,-0.10000000000000009
42,clean,0.97,0.99,-0.020000000000000018
42,motor_core,0.9,0.92,-0.020000000000000018
42,motor_extended,0.98,0.98,0.0
42,region_midline_motor_strip,0.82,0.96,-0.14
42,region_left_motor_strip,0.9,0.8699999999999999,0.030000000000000138
42,region_right_motor_strip,0.92,0.89,0.030000000000000027
43,dropout_0.1,0.83,0.8370000000000001,-0.007000000000000117
43,dropout_0.2,0.768,0.752,0.016000000000000014
43,dropout_0.3,0.685,0.6990000000000001,-0.014000000000000012
43,dropout_0.5,0.617,0.633,-0.016000000000000014
43,clean,0.95,0.8699999999999999,0.08000000000000007
43,motor_core,0.8800000000000001,0.9,-0.019999999999999907
43,motor_extended,0.8300000000000001,0.98,-0.1499999999999999
43,region_midline_motor_strip,0.89,0.8800000000000001,0.009999999999999898
43,region_left_motor_strip,0.8,0.7,0.10000000000000009
43,region_right_motor_strip,0.6799999999999999,0.78,-0.10000000000000009
44,dropout_0.1,0.561,0.661,-0.09999999999999998
44,dropout_0.2,0.563,0.628,-0.06500000000000006
44,dropout_0.3,0.525,0.618,-0.09299999999999997
44,dropout_0.5,0.529,0.621,-0.09199999999999997
44,clean,0.57,0.67,-0.10000000000000009
44,motor_core,0.71,0.7,0.010000000000000009
44,motor_extended,0.69,0.78,-0.09000000000000008
44,region_midline_motor_strip,0.54,0.66,-0.12
44,region_left_motor_strip,0.57,0.65,-0.08000000000000007
44,region_right_motor_strip,0.56,0.6599999999999999,-0.09999999999999987
45,dropout_0.1,0.522,0.488,0.03400000000000003
45,dropout_0.2,0.4869999999999999,0.474,0.0129999999999999
45,dropout_0.3,0.4629999999999999,0.46,0.0029999999999998916
45,dropout_0.5,0.4554999999999999,0.457,-0.0015000000000001124
45,clean,0.5700000000000001,0.48,0.09000000000000008
45,motor_core,0.51,0.43,0.08000000000000002
45,motor_extended,0.63,0.62,0.010000000000000009
45,region_midline_motor_strip,0.58,0.47,0.10999999999999999
45,region_left_motor_strip,0.44,0.42,0.020000000000000018
45,region_right_motor_strip,0.62,0.4899999999999999,0.13000000000000012
46,dropout_0.1,0.539,0.4019999999999999,0.13700000000000012
46,dropout_0.2,0.5575,0.374,0.1835
46,dropout_0.3,0.5115,0.376,0.13549999999999995
46,dropout_0.5,0.498,0.445,0.05299999999999999
46,clean,0.71,0.48,0.22999999999999998
46,motor_core,0.66,0.6799999999999999,-0.019999999999999907
46,motor_extended,0.71,0.8099999999999999,-0.09999999999999998
46,region_midline_motor_strip,0.7,0.3899999999999999,0.31000000000000005
46,region_left_motor_strip,0.48,0.32,0.15999999999999998
46,region_right_motor_strip,0.64,0.4399999999999999,0.20000000000000012
47,dropout_0.1,0.659,0.593,0.06600000000000006
47,dropout_0.2,0.655,0.6190000000000001,0.03599999999999992
47,dropout_0.3,0.637,0.637,0.0
47,dropout_0.5,0.655,0.6629999999999999,-0.007999999999999896
47,clean,0.6900000000000001,0.58,0.1100000000000001
47,motor_core,0.58,0.67,-0.09000000000000008
47,motor_extended,0.4399999999999999,0.5900000000000001,-0.1500000000000002
47,region_midline_motor_strip,0.66,0.6199999999999999,0.04000000000000015
47,region_left_motor_strip,0.67,0.64,0.030000000000000027
47,region_right_motor_strip,0.65,0.6,0.050000000000000044
48,dropout_0.1,0.7465,0.8270000000000001,-0.08050000000000002
48,dropout_0.2,0.6990000000000001,0.7609999999999999,-0.06199999999999983
48,dropout_0.3,0.7390000000000001,0.75,-0.010999999999999899
48,dropout_0.5,0.6509999999999999,0.696,-0.04500000000000004
48,clean,0.8400000000000001,0.86,-0.019999999999999907
48,motor_core,0.7,0.7,0.0
48,motor_extended,0.72,0.78,-0.06000000000000005
48,region_midline_motor_strip,0.8,0.86,-0.05999999999999994
48,region_left_motor_strip,0.8300000000000001,0.85,-0.019999999999999907
48,region_right_motor_strip,0.78,0.8300000000000001,-0.050000000000000044
49,dropout_0.1,0.65,0.897,-0.247
49,dropout_0.2,0.5720000000000001,0.853,-0.2809999999999999
49,dropout_0.3,0.5025,0.807,-0.3045000000000001
49,dropout_0.5,0.422,0.711,-0.289
49,clean,0.9,0.95,-0.04999999999999993
49,motor_core,0.8800000000000001,0.89,-0.009999999999999898
49,motor_extended,0.96,0.91,0.04999999999999993
49,region_midline_motor_strip,0.7100000000000001,0.92,-0.20999999999999996
49,region_left_motor_strip,0.6100000000000001,0.8400000000000001,-0.22999999999999998
49,region_right_motor_strip,0.75,0.85,-0.09999999999999998
50,dropout_0.1,0.568,0.622,-0.05400000000000005
50,dropout_0.2,0.5115,0.616,-0.10450000000000004
50,dropout_0.3,0.4855,0.6030000000000001,-0.1175000000000001
50,dropout_0.5,0.5125,0.578,-0.0655
50,clean,0.5199999999999999,0.65,-0.13000000000000012
50,motor_core,0.4799999999999998,0.4799999999999998,0.0
50,motor_extended,0.41,0.35,0.06
50,region_midline_motor_strip,0.49,0.6300000000000001,-0.14000000000000012
50,region_left_motor_strip,0.665,0.6599999999999999,0.0050000000000001155
50,region_right_motor_strip,0.5900000000000001,0.6900000000000001,-0.09999999999999998
51,dropout_0.1,0.6579999999999999,0.7160000000000001,-0.05800000000000016
51,dropout_0.2,0.599,0.67,-0.07100000000000006
51,dropout_0.3,0.5379999999999999,0.569,-0.031000000000000028
51,dropout_0.5,0.488,0.5159999999999999,-0.027999999999999914
51,clean,0.72,0.8,-0.08000000000000007
51,motor_core,0.5199999999999999,0.5,0.019999999999999907
51,motor_extended,0.5599999999999999,0.4599999999999999,0.10000000000000003
51,region_midline_motor_strip,0.6699999999999999,0.8,-0.13000000000000012
51,region_left_motor_strip,0.72,0.72,0.0
51,region_right_motor_strip,0.65,0.76,-0.10999999999999999
52,dropout_0.1,0.642,0.852,-0.20999999999999996
52,dropout_0.2,0.614,0.782,-0.16800000000000004
52,dropout_0.3,0.611,0.77,-0.15900000000000003
52,dropout_0.5,0.529,0.634,-0.10499999999999998
52,clean,0.77,0.9,-0.13
52,motor_core,0.85,0.8699999999999999,-0.019999999999999907
52,motor_extended,0.86,0.9,-0.040000000000000036
52,region_midline_motor_strip,0.77,0.89,-0.12
52,region_left_motor_strip,0.6599999999999999,0.8099999999999999,-0.15000000000000002
52,region_right_motor_strip,0.61,0.8,-0.19000000000000006
53,dropout_0.1,0.664,0.885,-0.22099999999999997
53,dropout_0.2,0.6085,0.852,-0.24349999999999994
53,dropout_0.3,0.575,0.8440000000000001,-0.26900000000000013
53,dropout_0.5,0.5145000000000001,0.769,-0.25449999999999995
53,clean,0.82,0.93,-0.1100000000000001
53,motor_core,0.54,0.52,0.020000000000000018
53,motor_extended,0.6199999999999999,0.6900000000000001,-0.07000000000000017
53,region_midline_motor_strip,0.65,0.94,-0.2899999999999999
53,region_left_motor_strip,0.8800000000000001,0.93,-0.04999999999999993
53,region_right_motor_strip,0.8,0.91,-0.10999999999999999
54,dropout_0.1,0.581,0.804,-0.2230000000000001
54,dropout_0.2,0.5695,0.786,-0.21650000000000003
54,dropout_0.3,0.497,0.774,-0.277
54,dropout_0.5,0.5185,0.7440000000000001,-0.22550000000000014
54,clean,0.8,0.9,-0.09999999999999998
54,motor_core,0.9,0.8800000000000001,0.019999999999999907
54,motor_extended,0.79,0.82,-0.029999999999999916
54,region_midline_motor_strip,0.75,0.8699999999999999,-0.11999999999999988
54,region_left_motor_strip,0.72,0.8800000000000001,-0.16000000000000014
54,region_right_motor_strip,0.75,0.82,-0.06999999999999995
55,dropout_0.1,0.8590000000000001,0.979,-0.11999999999999988
55,dropout_0.2,0.7895,0.905,-0.11550000000000005
55,dropout_0.3,0.7070000000000001,0.8640000000000001,-0.15700000000000003
55,dropout_0.5,0.677,0.773,-0.09599999999999997
55,clean,0.96,1.0,-0.040000000000000036
55,motor_core,0.97,0.96,0.010000000000000009
55,motor_extended,0.98,0.96,0.020000000000000018
55,region_midline_motor_strip,0.92,1.0,-0.07999999999999996
55,region_left_motor_strip,0.9,0.99,-0.08999999999999997
55,region_right_motor_strip,0.86,0.97,-0.10999999999999999
56,dropout_0.1,0.7665000000000001,0.964,-0.1974999999999999
56,dropout_0.2,0.628,0.944,-0.31599999999999995
56,dropout_0.3,0.6575,0.943,-0.2855
56,dropout_0.5,0.5515,0.917,-0.36550000000000005
56,clean,0.99,0.99,0.0
56,motor_core,0.8300000000000001,0.8400000000000001,-0.010000000000000009
56,motor_extended,0.94,0.93,0.009999999999999898
56,region_midline_motor_strip,0.89,0.99,-0.09999999999999998
56,region_left_motor_strip,0.85,0.99,-0.14
56,region_right_motor_strip,0.98,0.99,-0.010000000000000009
57,dropout_0.1,0.482,0.451,0.030999999999999972
57,dropout_0.2,0.4825,0.382,0.10049999999999998
57,dropout_0.3,0.5135000000000001,0.396,0.11750000000000005
57,dropout_0.5,0.5185,0.38,0.13849999999999996
57,clean,0.38,0.51,-0.13
57,motor_core,0.67,0.65,0.020000000000000018
57,motor_extended,0.73,0.71,0.020000000000000018
57,region_midline_motor_strip,0.53,0.5,0.030000000000000027
57,region_left_motor_strip,0.4399999999999999,0.51,-0.07000000000000012
57,region_right_motor_strip,0.2499999999999999,0.3899999999999999,-0.14
58,dropout_0.1,0.5105,0.4629999999999999,0.04750000000000004
58,dropout_0.2,0.4785,0.477,0.0015000000000000013
58,dropout_0.3,0.4944999999999999,0.482,0.0124999999999999
58,dropout_0.5,0.495,0.475,0.020000000000000018
58,clean,0.4899999999999999,0.48,0.009999999999999898
58,motor_core,0.4899999999999999,0.5,-0.01000000000000012
58,motor_extended,0.67,0.57,0.10000000000000009
58,region_midline_motor_strip,0.5900000000000001,0.45,0.14000000000000007
58,region_left_motor_strip,0.445,0.54,-0.09500000000000003
58,region_right_motor_strip,0.49,0.4599999999999999,0.030000000000000082
59,dropout_0.1,0.494,0.4379999999999999,0.056000000000000105
59,dropout_0.2,0.5105,0.385,0.12549999999999994
59,dropout_0.3,0.47,0.418,0.05199999999999999
59,dropout_0.5,0.491,0.41,0.08100000000000002
59,clean,0.44,0.4799999999999998,-0.039999999999999813
59,motor_core,0.54,0.5299999999999999,0.01000000000000012
59,motor_extended,0.5599999999999999,0.45,0.10999999999999993
59,region_midline_motor_strip,0.61,0.49,0.12
59,region_left_motor_strip,0.42,0.43,-0.010000000000000009
59,region_right_motor_strip,0.53,0.5,0.030000000000000027
60,dropout_0.1,0.8534999999999999,0.917,-0.06350000000000011
60,dropout_0.2,0.833,0.9,-0.06700000000000006
60,dropout_0.3,0.795,0.8710000000000001,-0.07600000000000007
60,dropout_0.5,0.732,0.815,-0.08299999999999996
60,clean,0.91,0.94,-0.029999999999999916
60,motor_core,0.96,0.94,0.020000000000000018
60,motor_extended,0.96,0.95,0.010000000000000009
60,region_midline_motor_strip,0.89,0.94,-0.04999999999999993
60,region_left_motor_strip,0.6599999999999999,0.76,-0.10000000000000009
60,region_right_motor_strip,0.8800000000000001,0.93,-0.04999999999999993
61,dropout_0.1,0.5379999999999999,0.698,-0.16000000000000003
61,dropout_0.2,0.506,0.665,-0.15900000000000003
61,dropout_0.3,0.525,0.625,-0.09999999999999998
61,dropout_0.5,0.485,0.596,-0.11099999999999999
61,clean,0.64,0.6799999999999999,-0.039999999999999925
61,motor_core,0.82,0.85,-0.030000000000000027
61,motor_extended,0.8400000000000001,0.76,0.08000000000000007
61,region_midline_motor_strip,0.62,0.71,-0.08999999999999997
61,region_left_motor_strip,0.5700000000000001,0.6199999999999999,-0.04999999999999982
61,region_right_motor_strip,0.49,0.69,-0.19999999999999996
62,dropout_0.1,0.823,0.944,-0.121
62,dropout_0.2,0.7165,0.897,-0.1805
62,dropout_0.3,0.716,0.843,-0.127
62,dropout_0.5,0.614,0.764,-0.15000000000000002
62,clean,0.86,0.95,-0.08999999999999997
62,motor_core,0.97,0.98,-0.010000000000000009
62,motor_extended,0.99,0.99,0.0
62,region_midline_motor_strip,0.77,0.94,-0.16999999999999993
62,region_left_motor_strip,0.8,0.8800000000000001,-0.08000000000000007
62,region_right_motor_strip,0.7899999999999999,0.93,-0.14000000000000012
63,dropout_0.1,0.5555,0.508,0.04749999999999999
63,dropout_0.2,0.531,0.483,0.04800000000000004
63,dropout_0.3,0.518,0.546,-0.028000000000000025
63,dropout_0.5,0.518,0.5660000000000001,-0.04800000000000004
63,clean,0.6599999999999999,0.45,0.2099999999999999
63,motor_core,0.48,0.37,0.10999999999999999
63,motor_extended,0.5199999999999999,0.51,0.009999999999999898
63,region_midline_motor_strip,0.525,0.4899999999999999,0.03500000000000014
63,region_left_motor_strip,0.77,0.52,0.25
63,region_right_motor_strip,0.47,0.44,0.02999999999999997
64,dropout_0.1,0.5539999999999999,0.506,0.04799999999999993
64,dropout_0.2,0.5055,0.439,0.06649999999999995
64,dropout_0.3,0.5479999999999999,0.485,0.06299999999999994
64,dropout_0.5,0.4915,0.478,0.013500000000000012
64,clean,0.48,0.51,-0.030000000000000027
64,motor_core,0.5700000000000001,0.53,0.040000000000000036
64,motor_extended,0.76,0.76,0.0
64,region_midline_motor_strip,0.53,0.4699999999999999,0.06000000000000011
64,region_left_motor_strip,0.48,0.4199999999999999,0.06000000000000011
64,region_right_motor_strip,0.5700000000000001,0.4899999999999999,0.08000000000000018
65,dropout_0.1,0.5725,0.57,0.0025000000000000577
65,dropout_0.2,0.5675,0.509,0.058499999999999996
65,dropout_0.3,0.5155,0.4969999999999999,0.018500000000000072
65,dropout_0.5,0.544,0.42,0.12400000000000005
65,clean,0.61,0.5900000000000001,0.019999999999999907
65,motor_core,0.6799999999999999,0.6199999999999999,0.06000000000000005
65,motor_extended,0.64,0.61,0.030000000000000027
65,region_midline_motor_strip,0.61,0.52,0.08999999999999997
65,region_left_motor_strip,0.43,0.53,-0.10000000000000003
65,region_right_motor_strip,0.44,0.52,-0.08000000000000002
66,dropout_0.1,0.5065,0.526,-0.019500000000000073
66,dropout_0.2,0.513,0.444,0.069
66,dropout_0.3,0.469,0.4539999999999999,0.015000000000000069
66,dropout_0.5,0.4825,0.416,0.0665
66,clean,0.54,0.5900000000000001,-0.050000000000000044
66,motor_core,0.6100000000000001,0.5800000000000001,0.030000000000000027
66,motor_extended,0.4599999999999999,0.48,-0.020000000000000073
66,region_midline_motor_strip,0.48,0.5199999999999999,-0.039999999999999925
66,region_left_motor_strip,0.4699999999999999,0.55,-0.08000000000000013
66,region_right_motor_strip,0.5,0.53,-0.030000000000000027
67,dropout_0.1,0.55,0.523,0.027000000000000024
67,dropout_0.2,0.539,0.509,0.030000000000000027
67,dropout_0.3,0.5489999999999999,0.556,-0.007000000000000117
67,dropout_0.5,0.54,0.491,0.049000000000000044
67,clean,0.5,0.53,-0.030000000000000027
67,motor_core,0.5,0.2699999999999999,0.2300000000000001
67,motor_extended,0.55,0.41,0.14000000000000007
67,region_midline_motor_strip,0.4599999999999999,0.53,-0.07000000000000012
67,region_left_motor_strip,0.5900000000000001,0.49,0.10000000000000009
67,region_right_motor_strip,0.5,0.5599999999999999,-0.05999999999999994
68,dropout_0.1,0.5479999999999999,0.589,-0.041000000000000036
68,dropout_0.2,0.5365,0.565,-0.02849999999999997
68,dropout_0.3,0.5195000000000001,0.562,-0.04249999999999998
68,dropout_0.5,0.5465,0.537,0.009499999999999953
68,clean,0.62,0.62,0.0
68,motor_core,0.55,0.4899999999999999,0.060000000000000164
68,motor_extended,0.6,0.6699999999999999,-0.06999999999999995
68,region_midline_motor_strip,0.5650000000000001,0.6,-0.03499999999999992
68,region_left_motor_strip,0.65,0.57,0.08000000000000007
68,region_right_motor_strip,0.5599999999999999,0.5900000000000001,-0.030000000000000138
69,dropout_0.1,0.5615,0.5369999999999999,0.024500000000000077
69,dropout_0.2,0.5355,0.4919999999999999,0.043500000000000094
69,dropout_0.3,0.528,0.511,0.017000000000000015
69,dropout_0.5,0.523,0.484,0.039000000000000035
69,clean,0.7,0.5700000000000001,0.1299999999999999
69,motor_core,0.36,0.37,-0.010000000000000009
69,motor_extended,0.4199999999999999,0.38,0.03999999999999987
69,region_midline_motor_strip,0.52,0.4899999999999999,0.030000000000000138
69,region_left_motor_strip,0.62,0.5900000000000001,0.029999999999999916
69,region_right_motor_strip,0.4399999999999999,0.52,-0.08000000000000013
70,dropout_0.1,0.768,0.917,-0.14900000000000002
70,dropout_0.2,0.62,0.85,-0.22999999999999998
70,dropout_0.3,0.612,0.826,-0.21399999999999997
70,dropout_0.5,0.588,0.736,-0.14800000000000002
70,clean,0.91,0.95,-0.039999999999999925
70,motor_core,0.8300000000000001,0.8400000000000001,-0.010000000000000009
70,motor_extended,0.8699999999999999,0.86,0.009999999999999898
70,region_midline_motor_strip,0.8300000000000001,0.92,-0.08999999999999997
70,region_left_motor_strip,0.65,0.85,-0.19999999999999996
70,region_right_motor_strip,0.82,0.8800000000000001,-0.060000000000000164
71,dropout_0.1,0.688,0.7879999999999999,-0.09999999999999998
71,dropout_0.2,0.6,0.662,-0.062000000000000055
71,dropout_0.3,0.604,0.654,-0.050000000000000044
71,dropout_0.5,0.5670000000000001,0.57,-0.0029999999999998916
71,clean,0.73,0.85,-0.12
71,motor_core,0.94,0.94,0.0
71,motor_extended,0.8800000000000001,0.9,-0.019999999999999907
71,region_midline_motor_strip,0.6799999999999999,0.8400000000000001,-0.16000000000000014
71,region_left_motor_strip,0.54,0.6900000000000001,-0.15000000000000002
71,region_right_motor_strip,0.65,0.77,-0.12
72,dropout_0.1,0.924,0.934,-0.010000000000000009
72,dropout_0.2,0.916,0.902,0.014000000000000012
72,dropout_0.3,0.885,0.873,0.01200000000000001
72,dropout_0.5,0.85,0.8210000000000001,0.028999999999999915
72,clean,0.96,0.97,-0.010000000000000009
72,motor_core,0.93,0.93,0.0
72,motor_extended,0.95,0.94,0.010000000000000009
72,region_midline_motor_strip,0.94,0.96,-0.020000000000000018
72,region_left_motor_strip,0.9,0.94,-0.039999999999999925
72,region_right_motor_strip,0.77,0.77,0.0
73,dropout_0.1,0.4429999999999999,0.423,0.019999999999999907
73,dropout_0.2,0.4039999999999999,0.4039999999999999,0.0
73,dropout_0.3,0.4039999999999999,0.3979999999999999,0.006000000000000005
73,dropout_0.5,0.436,0.352,0.08400000000000002
73,clean,0.5700000000000001,0.43,0.14000000000000007
73,motor_core,0.7,0.67,0.029999999999999916
73,motor_extended,0.68,0.6699999999999999,0.01000000000000012
73,region_midline_motor_strip,0.3399999999999999,0.43,-0.09000000000000008
73,region_left_motor_strip,0.47,0.38,0.08999999999999997
73,region_right_motor_strip,0.38,0.42,-0.03999999999999998
74,dropout_0.1,0.5780000000000001,0.51,0.06800000000000006
74,dropout_0.2,0.5589999999999999,0.5319999999999999,0.027000000000000024
74,dropout_0.3,0.5425,0.523,0.019499999999999962
74,dropout_0.5,0.5315,0.5489999999999999,-0.01749999999999996
74,clean,0.65,0.4599999999999999,0.1900000000000001
74,motor_core,0.43,0.37,0.06
74,motor_extended,0.41,0.3,0.10999999999999999
74,region_midline_motor_strip,0.48,0.49,-0.010000000000000009
74,region_left_motor_strip,0.45,0.5,-0.04999999999999999
74,region_right_motor_strip,0.5449999999999999,0.49,0.05499999999999994
75,dropout_0.1,0.745,0.7190000000000001,0.025999999999999912
75,dropout_0.2,0.639,0.648,-0.009000000000000008
75,dropout_0.3,0.643,0.672,-0.029000000000000026
75,dropout_0.5,0.569,0.536,0.03299999999999992
75,clean,0.82,0.78,0.039999999999999925
75,motor_core,0.86,0.8300000000000001,0.029999999999999916
75,motor_extended,0.8,0.8300000000000001,-0.030000000000000027
75,region_midline_motor_strip,0.7300000000000001,0.77,-0.039999999999999925
75,region_left_motor_strip,0.5399999999999999,0.6100000000000001,-0.07000000000000017
75,region_right_motor_strip,0.58,0.66,-0.08000000000000007
76,dropout_0.1,0.5465,0.63,-0.08350000000000002
76,dropout_0.2,0.497,0.601,-0.10399999999999998
76,dropout_0.3,0.563,0.591,-0.028000000000000025
76,dropout_0.5,0.5315,0.5710000000000001,-0.03950000000000009
76,clean,0.5800000000000001,0.6900000000000001,-0.10999999999999999
76,motor_core,0.6,0.6300000000000001,-0.030000000000000138
76,motor_extended,0.68,0.7,-0.019999999999999907
76,region_midline_motor_strip,0.4800000000000001,0.67,-0.18999999999999995
76,region_left_motor_strip,0.5900000000000001,0.7,-0.10999999999999988
76,region_right_motor_strip,0.54,0.63,-0.08999999999999997
77,dropout_0.1,0.5065,0.245,0.26149999999999995
77,dropout_0.2,0.5720000000000001,0.264,0.30800000000000005
77,dropout_0.3,0.4845,0.263,0.22149999999999997
77,dropout_0.5,0.521,0.222,0.29900000000000004
77,clean,0.54,0.36,0.18000000000000005
77,motor_core,0.35,0.2299999999999999,0.12000000000000008
77,motor_extended,0.53,0.42,0.11000000000000004
77,region_midline_motor_strip,0.62,0.2299999999999999,0.3900000000000001
77,region_left_motor_strip,0.44,0.43,0.010000000000000009
77,region_right_motor_strip,0.67,0.36,0.31000000000000005
78,dropout_0.1,0.525,0.316,0.20900000000000002
78,dropout_0.2,0.505,0.288,0.21700000000000003
78,dropout_0.3,0.52,0.29,0.23000000000000004
78,dropout_0.5,0.473,0.311,0.16199999999999998
78,clean,0.51,0.35,0.16000000000000003
78,motor_core,0.45,0.48,-0.02999999999999997
78,motor_extended,0.41,0.4599999999999999,-0.04999999999999993
78,region_midline_motor_strip,0.4599999999999999,0.3199999999999999,0.14
78,region_left_motor_strip,0.53,0.37,0.16000000000000003
78,region_right_motor_strip,0.51,0.3299999999999999,0.1800000000000001
79,dropout_0.1,0.55,0.499,0.051000000000000045
79,dropout_0.2,0.575,0.498,0.07699999999999996
79,dropout_0.3,0.5205,0.53,-0.009500000000000064
79,dropout_0.5,0.56,0.593,-0.03299999999999992
79,clean,0.51,0.55,-0.040000000000000036
79,motor_core,0.71,0.6799999999999999,0.030000000000000027
79,motor_extended,0.5700000000000001,0.6900000000000001,-0.12
79,region_midline_motor_strip,0.5599999999999999,0.5399999999999999,0.020000000000000018
79,region_left_motor_strip,0.65,0.5900000000000001,0.05999999999999994
79,region_right_motor_strip,0.5,0.5,0.0
80,dropout_0.1,0.528,0.5660000000000001,-0.038000000000000034
80,dropout_0.2,0.52,0.5539999999999999,-0.03399999999999992
80,dropout_0.3,0.5325,0.544,-0.011500000000000066
80,dropout_0.5,0.5835,0.546,0.03749999999999998
80,clean,0.5800000000000001,0.64,-0.05999999999999994
80,motor_core,0.62,0.63,-0.010000000000000009
80,motor_extended,0.53,0.48,0.050000000000000044
80,region_midline_motor_strip,0.5900000000000001,0.64,-0.04999999999999993
80,region_left_motor_strip,0.48,0.6799999999999999,-0.19999999999999996
80,region_right_motor_strip,0.5700000000000001,0.51,0.06000000000000005
81,dropout_0.1,0.491,0.8390000000000001,-0.3480000000000001
81,dropout_0.2,0.51,0.8079999999999999,-0.29799999999999993
81,dropout_0.3,0.437,0.738,-0.301
81,dropout_0.5,0.5135000000000001,0.598,-0.08449999999999991
81,clean,0.77,0.85,-0.07999999999999996
81,motor_core,0.72,0.73,-0.010000000000000009
81,motor_extended,0.62,0.61,0.010000000000000009
81,region_midline_motor_strip,0.525,0.85,-0.32499999999999996
81,region_left_motor_strip,0.63,0.82,-0.18999999999999995
81,region_right_motor_strip,0.635,0.85,-0.21499999999999997
82,dropout_0.1,0.4975,0.7040000000000001,-0.20650000000000007
82,dropout_0.2,0.451,0.6679999999999999,-0.21699999999999992
82,dropout_0.3,0.4535,0.639,-0.1855
82,dropout_0.5,0.4429999999999999,0.5820000000000001,-0.13900000000000018
82,clean,0.5900000000000001,0.76,-0.16999999999999993
82,motor_core,0.61,0.71,-0.09999999999999998
82,motor_extended,0.53,0.61,-0.07999999999999996
82,region_midline_motor_strip,0.51,0.74,-0.22999999999999998
82,region_left_motor_strip,0.54,0.6900000000000001,-0.15000000000000002
82,region_right_motor_strip,0.44,0.75,-0.31
83,dropout_0.1,0.528,0.5479999999999999,-0.019999999999999907
83,dropout_0.2,0.4955,0.491,0.004500000000000004
83,dropout_0.3,0.4564999999999999,0.496,-0.03950000000000009
83,dropout_0.5,0.4205,0.39,0.03049999999999997
83,clean,0.61,0.5800000000000001,0.029999999999999916
83,motor_core,0.8699999999999999,0.82,0.04999999999999993
83,motor_extended,0.79,0.79,0.0
83,region_midline_motor_strip,0.67,0.6,0.07000000000000006
83,region_left_motor_strip,0.6799999999999999,0.6100000000000001,0.06999999999999984
83,region_right_motor_strip,0.3949999999999999,0.45,-0.055000000000000104
84,dropout_0.1,0.546,0.64,-0.09399999999999997
84,dropout_0.2,0.524,0.5820000000000001,-0.05800000000000005
84,dropout_0.3,0.522,0.556,-0.03400000000000003
84,dropout_0.5,0.505,0.579,-0.07399999999999995
84,clean,0.64,0.67,-0.030000000000000027
84,motor_core,0.72,0.73,-0.010000000000000009
84,motor_extended,0.76,0.72,0.040000000000000036
84,region_midline_motor_strip,0.4899999999999999,0.6599999999999999,-0.17000000000000004
84,region_left_motor_strip,0.5399999999999999,0.64,-0.10000000000000009
84,region_right_motor_strip,0.5800000000000001,0.52,0.06000000000000005
85,dropout_0.1,0.8654999999999999,0.895,-0.02950000000000008
85,dropout_0.2,0.7909999999999999,0.8140000000000001,-0.02300000000000013
85,dropout_0.3,0.7805,0.8109999999999999,-0.03049999999999997
85,dropout_0.5,0.7015,0.691,0.010500000000000065
85,clean,0.93,0.93,0.0
85,motor_core,0.99,0.99,0.0
85,motor_extended,0.98,0.97,0.010000000000000009
85,region_midline_motor_strip,0.93,0.94,-0.009999999999999898
85,region_left_motor_strip,0.75,0.8400000000000001,-0.09000000000000008
85,region_right_motor_strip,0.93,0.8,0.13
86,dropout_0.1,0.52,0.7390000000000001,-0.21900000000000008
86,dropout_0.2,0.4044999999999999,0.649,-0.2445000000000001
86,dropout_0.3,0.4105,0.621,-0.21050000000000002
86,dropout_0.5,0.441,0.4369999999999999,0.004000000000000115
86,clean,0.5199999999999999,0.8,-0.28000000000000014
86,motor_core,0.4,0.6,-0.19999999999999996
86,motor_extended,0.5599999999999999,0.6799999999999999,-0.12
86,region_midline_motor_strip,0.5199999999999999,0.8,-0.28000000000000014
86,region_left_motor_strip,0.44,0.67,-0.23000000000000004
86,region_right_motor_strip,0.41,0.71,-0.3
87,dropout_0.1,0.483,0.435,0.04799999999999999
87,dropout_0.2,0.522,0.456,0.066
87,dropout_0.3,0.507,0.4529999999999999,0.054000000000000103
87,dropout_0.5,0.527,0.492,0.03500000000000003
87,clean,0.4599999999999999,0.41,0.04999999999999993
87,motor_core,0.43,0.42,0.010000000000000009
87,motor_extended,0.4599999999999999,0.53,-0.07000000000000012
87,region_midline_motor_strip,0.47,0.44,0.02999999999999997
87,region_left_motor_strip,0.4899999999999999,0.45,0.03999999999999987
87,region_right_motor_strip,0.51,0.49,0.020000000000000018
88,dropout_0.1,0.522888888888889,0.435,0.08788888888888896
88,dropout_0.2,0.4653333333333333,0.4014444444444444,0.06388888888888894
88,dropout_0.3,0.4733333333333333,0.3958888888888889,0.07744444444444437
88,dropout_0.5,0.4571111111111111,0.382111111111111,0.07500000000000007
88,clean,0.4944444444444444,0.47,0.024444444444444435
88,motor_core,0.6322222222222222,0.6088888888888888,0.023333333333333428
88,motor_extended,0.5111111111111111,0.5055555555555555,0.005555555555555536
88,region_midline_motor_strip,0.4677777777777777,0.4022222222222222,0.06555555555555548
88,region_left_motor_strip,0.4944444444444444,0.3888888888888889,0.10555555555555551
88,region_right_motor_strip,0.5411111111111111,0.4377777777777777,0.10333333333333339
89,dropout_0.1,0.5954999999999999,0.647,-0.0515000000000001
89,dropout_0.2,0.5515,0.615,-0.0635
89,dropout_0.3,0.593,0.585,0.008000000000000007
89,dropout_0.5,0.5395,0.564,-0.024499999999999966
89,clean,0.63,0.6900000000000001,-0.06000000000000005
89,motor_core,0.72,0.79,-0.07000000000000006
89,motor_extended,0.6900000000000001,0.7,-0.009999999999999898
89,region_midline_motor_strip,0.53,0.72,-0.18999999999999995
89,region_left_motor_strip,0.61,0.6900000000000001,-0.08000000000000007
89,region_right_motor_strip,0.4599999999999999,0.55,-0.09000000000000014
90,dropout_0.1,0.541,0.611,-0.06999999999999995
90,dropout_0.2,0.5035000000000001,0.5579999999999999,-0.05449999999999988
90,dropout_0.3,0.506,0.545,-0.039000000000000035
90,dropout_0.5,0.5105,0.57,-0.0595
90,clean,0.64,0.58,0.06000000000000005
90,motor_core,0.44,0.55,-0.11000000000000004
90,motor_extended,0.6,0.6799999999999999,-0.07999999999999996
90,region_midline_motor_strip,0.47,0.56,-0.09000000000000008
90,region_left_motor_strip,0.605,0.6,0.0050000000000000044
90,region_right_motor_strip,0.64,0.5900000000000001,0.04999999999999993
91,dropout_0.1,0.578,0.4619999999999999,0.11600000000000005
91,dropout_0.2,0.528,0.4369999999999999,0.09100000000000014
91,dropout_0.3,0.517,0.431,0.08600000000000002
91,dropout_0.5,0.4905,0.411,0.07950000000000002
91,clean,0.5900000000000001,0.5700000000000001,0.020000000000000018
91,motor_core,0.61,0.5,0.10999999999999999
91,motor_extended,0.72,0.6300000000000001,0.08999999999999986
91,region_midline_motor_strip,0.64,0.5199999999999999,0.1200000000000001
91,region_left_motor_strip,0.6599999999999999,0.4599999999999999,0.2
91,region_right_motor_strip,0.5,0.5,0.0
92,dropout_0.1,0.594,0.66,-0.06600000000000006
92,dropout_0.2,0.521,0.6321111111111111,-0.11111111111111105
92,dropout_0.3,0.5586666666666666,0.5996666666666667,-0.041000000000000036
92,dropout_0.5,0.4924444444444444,0.5473333333333333,-0.05488888888888893
92,clean,0.7288888888888889,0.7088888888888889,0.020000000000000018
92,motor_core,0.6766666666666666,0.67,0.006666666666666599
92,motor_extended,0.8422222222222222,0.8400000000000001,0.0022222222222221255
92,region_midline_motor_strip,0.6011111111111112,0.6533333333333333,-0.05222222222222217
92,region_left_motor_strip,0.5677777777777777,0.6322222222222222,-0.06444444444444453
92,region_right_motor_strip,0.4388888888888888,0.5077777777777778,-0.068888888888889
93,dropout_0.1,0.7595000000000001,0.845,-0.08549999999999991
93,dropout_0.2,0.677,0.7560000000000001,-0.07900000000000007
93,dropout_0.3,0.6895,0.748,-0.058499999999999996
93,dropout_0.5,0.6154999999999999,0.726,-0.11050000000000004
93,clean,0.86,0.92,-0.06000000000000005
93,motor_core,0.8699999999999999,0.89,-0.02000000000000013
93,motor_extended,0.89,0.95,-0.05999999999999994
93,region_midline_motor_strip,0.78,0.9,-0.12
93,region_left_motor_strip,0.76,0.92,-0.16000000000000003
93,region_right_motor_strip,0.79,0.64,0.15000000000000002
94,dropout_0.1,0.595,0.857,-0.262
94,dropout_0.2,0.451,0.753,-0.302
94,dropout_0.3,0.506,0.737,-0.23099999999999998
94,dropout_0.5,0.5045000000000001,0.674,-0.16949999999999998
94,clean,0.77,0.96,-0.18999999999999995
94,motor_core,0.93,0.91,0.020000000000000018
94,motor_extended,0.99,0.96,0.030000000000000027
94,region_midline_motor_strip,0.51,0.91,-0.4
94,region_left_motor_strip,0.7,0.89,-0.19000000000000006
94,region_right_motor_strip,0.3099999999999999,0.7,-0.39000000000000007
95,dropout_0.1,0.414,0.4109999999999999,0.003000000000000058
95,dropout_0.2,0.39,0.434,-0.043999999999999984
95,dropout_0.3,0.4335,0.421,0.012500000000000011
95,dropout_0.5,0.4454999999999999,0.46,-0.014500000000000124
95,clean,0.36,0.43,-0.07
95,motor_core,0.6599999999999999,0.6599999999999999,0.0
95,motor_extended,0.39,0.5,-0.10999999999999999
95,region_midline_motor_strip,0.43,0.4399999999999999,-0.009999999999999898
95,region_left_motor_strip,0.38,0.48,-0.09999999999999998
95,region_right_motor_strip,0.4999999999999999,0.43,0.0699999999999999
96,dropout_0.1,0.4579999999999999,0.804,-0.34600000000000014
96,dropout_0.2,0.498,0.772,-0.274
96,dropout_0.3,0.4629999999999999,0.716,-0.25300000000000006
96,dropout_0.5,0.449,0.653,-0.20400000000000001
96,clean,0.54,0.86,-0.31999999999999995
96,motor_core,0.42,0.4899999999999999,-0.0699999999999999
96,motor_extended,0.45,0.5599999999999999,-0.10999999999999993
96,region_midline_motor_strip,0.55,0.86,-0.30999999999999994
96,region_left_motor_strip,0.36,0.85,-0.49
96,region_right_motor_strip,0.45,0.78,-0.33
97,dropout_0.1,0.5920000000000001,0.736,-0.1439999999999999
97,dropout_0.2,0.515,0.711,-0.19599999999999995
97,dropout_0.3,0.486,0.6859999999999999,-0.19999999999999996
97,dropout_0.5,0.4589999999999999,0.687,-0.22800000000000015
97,clean,0.6900000000000001,0.76,-0.06999999999999995
97,motor_core,0.75,0.74,0.010000000000000009
97,motor_extended,0.75,0.76,-0.010000000000000009
97,region_midline_motor_strip,0.6799999999999999,0.78,-0.10000000000000009
97,region_left_motor_strip,0.54,0.72,-0.17999999999999994
97,region_right_motor_strip,0.585,0.77,-0.18500000000000005
98,dropout_0.1,0.5579999999999999,0.437,0.12099999999999994
98,dropout_0.2,0.474,0.416,0.057999999999999996
98,dropout_0.3,0.539,0.423,0.11600000000000005
98,dropout_0.5,0.481,0.3929999999999999,0.08800000000000008
98,clean,0.6900000000000001,0.42,0.2700000000000001
98,motor_core,0.5700000000000001,0.53,0.040000000000000036
98,motor_extended,0.75,0.69,0.06000000000000005
98,region_midline_motor_strip,0.6,0.45,0.14999999999999997
98,region_left_motor_strip,0.74,0.47,0.27
98,region_right_motor_strip,0.49,0.3,0.19
99,dropout_0.1,0.4529999999999999,0.55,-0.09700000000000014
99,dropout_0.2,0.4825,0.5529999999999999,-0.07049999999999995
99,dropout_0.3,0.474,0.563,-0.08899999999999997
99,dropout_0.5,0.4425,0.5660000000000001,-0.12350000000000005
99,clean,0.4,0.56,-0.16000000000000003
99,motor_core,0.48,0.45,0.02999999999999997
99,motor_extended,0.3799999999999999,0.3299999999999999,0.04999999999999999
99,region_midline_motor_strip,0.41,0.5700000000000001,-0.1600000000000001
99,region_left_motor_strip,0.44,0.5399999999999999,-0.09999999999999992
99,region_right_motor_strip,0.6,0.6199999999999999,-0.019999999999999907
100,dropout_0.1,0.495625,0.51375,-0.018125000000000058
100,dropout_0.2,0.49625,0.5016666666666666,-0.00541666666666657
100,dropout_0.3,0.5116666666666666,0.5241666666666667,-0.012500000000000067
100,dropout_0.5,0.449375,0.5220833333333333,-0.07270833333333332
100,clean,0.4666666666666667,0.5375,-0.0708333333333333
100,motor_core,0.1999999999999999,0.2125,-0.012500000000000094
100,motor_extended,0.45,0.3833333333333333,0.06666666666666671
100,region_midline_motor_strip,0.5166666666666667,0.5083333333333333,0.008333333333333415
100,region_left_motor_strip,0.5791666666666667,0.3041666666666666,0.27500000000000013
100,region_right_motor_strip,0.5416666666666667,0.5416666666666667,0.0
101,dropout_0.1,0.492,0.315,0.177
101,dropout_0.2,0.526,0.327,0.199
101,dropout_0.3,0.5115,0.308,0.20349999999999996
101,dropout_0.5,0.507,0.337,0.16999999999999998
101,clean,0.4599999999999999,0.3,0.15999999999999992
101,motor_core,0.5599999999999999,0.51,0.04999999999999993
101,motor_extended,0.48,0.45,0.02999999999999997
101,region_midline_motor_strip,0.4149999999999999,0.32,0.09499999999999992
101,region_left_motor_strip,0.575,0.39,0.18499999999999994
101,region_right_motor_strip,0.5,0.35,0.15000000000000002
102,dropout_0.1,0.6145,0.75,-0.13549999999999995
102,dropout_0.2,0.5369999999999999,0.722,-0.18500000000000005
102,dropout_0.3,0.513,0.723,-0.20999999999999996
102,dropout_0.5,0.525,0.652,-0.127
102,clean,0.8,0.76,0.040000000000000036
102,motor_core,0.72,0.74,-0.020000000000000018
102,motor_extended,0.86,0.85,0.010000000000000009
102,region_midline_motor_strip,0.72,0.8400000000000001,-0.1200000000000001
102,region_left_motor_strip,0.6,0.72,-0.12
102,region_right_motor_strip,0.8099999999999999,0.6599999999999999,0.15000000000000002
103,dropout_0.1,0.5660000000000001,0.634,-0.06799999999999995
103,dropout_0.2,0.481,0.5670000000000001,-0.08600000000000008
103,dropout_0.3,0.536,0.5379999999999999,-0.0019999999999998908
103,dropout_0.5,0.452,0.45,0.0020000000000000018
103,clean,0.6599999999999999,0.6599999999999999,0.0
103,motor_core,0.54,0.48,0.06000000000000005
103,motor_extended,0.6,0.55,0.04999999999999993
103,region_midline_motor_strip,0.4599999999999999,0.6799999999999999,-0.22000000000000003
103,region_left_motor_strip,0.62,0.5,0.12
103,region_right_motor_strip,0.6900000000000001,0.74,-0.04999999999999993
104,dropout_0.1,0.59125,0.45625,0.13500000000000006
104,dropout_0.2,0.4497499999999999,0.42475,0.02499999999999991
104,dropout_0.3,0.4535,0.3779999999999999,0.07550000000000012
104,dropout_0.5,0.4375,0.3445,0.09300000000000003
104,clean,0.705,0.5625,0.14249999999999996
104,motor_core,0.595,0.5275000000000001,0.0674999999999999
104,motor_extended,0.54,0.55,-0.010000000000000009
104,region_midline_motor_strip,0.53,0.5275000000000001,0.0024999999999999467
104,region_left_motor_strip,0.74,0.5425,0.1975
104,region_right_motor_strip,0.5575,0.545,0.012499999999999956
105,dropout_0.1,0.5635,0.741,-0.1775
105,dropout_0.2,0.492,0.6659999999999999,-0.17399999999999993
105,dropout_0.3,0.4635,0.603,-0.13949999999999996
105,dropout_0.5,0.52,0.5479999999999999,-0.027999999999999914
105,clean,0.6500000000000001,0.8699999999999999,-0.21999999999999975
105,motor_core,0.6799999999999999,0.6900000000000001,-0.01000000000000012
105,motor_extended,0.71,0.79,-0.08000000000000007
105,region_midline_motor_strip,0.51,0.82,-0.30999999999999994
105,region_left_motor_strip,0.51,0.78,-0.27
105,region_right_motor_strip,0.6100000000000001,0.79,-0.17999999999999994
106,dropout_0.1,0.4539999999999999,0.3779999999999999,0.07600000000000001
106,dropout_0.2,0.49,0.4419999999999999,0.0480000000000001
106,dropout_0.3,0.4589999999999999,0.434,0.02499999999999991
106,dropout_0.5,0.475,0.471,0.0040000000000000036
106,clean,0.51,0.41,0.10000000000000003
106,motor_core,0.58,0.5900000000000001,-0.01000000000000012
106,motor_extended,0.63,0.5599999999999999,0.07000000000000006
106,region_midline_motor_strip,0.525,0.43,0.09500000000000003
106,region_left_motor_strip,0.51,0.35,0.16000000000000003
106,region_right_motor_strip,0.5199999999999999,0.3999999999999999,0.12
107,dropout_0.1,0.482,0.569,-0.08699999999999997
107,dropout_0.2,0.4709999999999999,0.528,-0.057000000000000106
107,dropout_0.3,0.534,0.512,0.02200000000000002
107,dropout_0.5,0.528,0.3969999999999999,0.13100000000000012
107,clean,0.49,0.62,-0.13
107,motor_core,0.45,0.47,-0.019999999999999962
107,motor_extended,0.48,0.4599999999999999,0.020000000000000073
107,region_midline_motor_strip,0.49,0.63,-0.14
107,region_left_motor_strip,0.5399999999999999,0.61,-0.07000000000000006
107,region_right_motor_strip,0.41,0.6,-0.19
108,dropout_0.1,0.727,0.88,-0.15300000000000002
108,dropout_0.2,0.6615000000000001,0.804,-0.14249999999999996
108,dropout_0.3,0.613,0.7909999999999999,-0.17799999999999994
108,dropout_0.5,0.627,0.7410000000000001,-0.1140000000000001
108,clean,0.82,0.93,-0.1100000000000001
108,motor_core,0.79,0.77,0.020000000000000018
108,motor_extended,0.93,0.91,0.020000000000000018
108,region_midline_motor_strip,0.73,0.9,-0.17000000000000004
108,region_left_motor_strip,0.6599999999999999,0.79,-0.13000000000000012
108,region_right_motor_strip,0.79,0.8699999999999999,-0.07999999999999985
109,dropout_0.1,0.4679999999999999,0.397,0.0709999999999999
109,dropout_0.2,0.4705,0.414,0.056499999999999995
109,dropout_0.3,0.5329999999999999,0.42,0.11299999999999993
109,dropout_0.5,0.5115,0.47,0.04149999999999998
109,clean,0.47,0.38,0.08999999999999997
109,motor_core,0.3999999999999999,0.39,0.009999999999999898
109,motor_extended,0.4,0.2799999999999999,0.1200000000000001
109,region_midline_motor_strip,0.39,0.42,-0.02999999999999997
109,region_left_motor_strip,0.51,0.4399999999999999,0.07000000000000012
109,region_right_motor_strip,0.48,0.4800000000000001,-1.1102230246251565e-16
